ID,Subject Code,Subject Name,Grade,Credits
22031A0101,R201201,MATHEMATICS-II,C,3
22031A0101,R201202,ENGINEERING CHEMISTRY,E,3
22031A0101,R201203,ENGINEERING MECHANICS,D,3
22031A0101,R201204,PROGRAMMING FOR PROBLEM SOLVING USING C,E,3
22031A0101,R201205,BUILDING MATERIALS AND CONCRETE TECHNOLOGY,D,3
22031A0101,R201228,ENVIRONMENTAL SCIENCE,COMPLE,0
22031A0101,R201231,ENGINEERING CHEMISTRY LABORATORY,E,1.5
22031A0101,R201232,PROGRAMMING FOR PROBLEM SOLVING USING C LABORATORY,A,1.5
22031A0101,R201252,BUILDING PLANNING AND COMPUTER AIDED BUILDING DRAWING,A,1.5
22031A0102,R201201,MATHEMATICS-II,C,3
22031A0102,R201202,ENGINEERING CHEMISTRY,E,3
22031A0102,R201203,ENGINEERING MECHANICS,D,3
22031A0102,R201204,PROGRAMMING FOR PROBLEM SOLVING USING C,E,3
22031A0102,R201205,BUILDING MATERIALS AND CONCRETE TECHNOLOGY,D,3
22031A0102,R201228,ENVIRONMENTAL SCIENCE,COMPLE,0
22031A0102,R201231,ENGINEERING CHEMISTRY LABORATORY,B,1.5
22031A0102,R201232,PROGRAMMING FOR PROBLEM SOLVING USING C LABORATORY,A+,1.5
22031A0102,R201252,BUILDING PLANNING AND COMPUTER AIDED BUILDING DRAWING,A,1.5
22031A0104,R201201,MATHEMATICS-II,F,0
22031A0104,R201202,ENGINEERING CHEMISTRY,F,0
22031A0104,R201203,ENGINEERING MECHANICS,F,0
22031A0104,R201204,PROGRAMMING FOR PROBLEM SOLVING USING C,F,0
22031A0104,R201205,BUILDING MATERIALS AND CONCRETE TECHNOLOGY,E,3
22031A0104,R201228,ENVIRONMENTAL SCIENCE,COMPLE,0
22031A0104,R201231,ENGINEERING CHEMISTRY LABORATORY,D,1.5
22031A0104,R201232,PROGRAMMING FOR PROBLEM SOLVING USING C LABORATORY,A,1.5
22031A0104,R201252,BUILDING PLANNING AND COMPUTER AIDED BUILDING DRAWING,B,1.5
22031A0105,R201201,MATHEMATICS-II,E,3
22031A0105,R201202,ENGINEERING CHEMISTRY,F,0
22031A0105,R201203,ENGINEERING MECHANICS,E,3
22031A0105,R201204,PROGRAMMING FOR PROBLEM SOLVING USING C,D,3
22031A0105,R201205,BUILDING MATERIALS AND CONCRETE TECHNOLOGY,E,3
22031A0105,R201228,ENVIRONMENTAL SCIENCE,COMPLE,0
22031A0105,R201231,ENGINEERING CHEMISTRY LABORATORY,D,1.5
22031A0105,R201232,PROGRAMMING FOR PROBLEM SOLVING USING C LABORATORY,A,1.5
22031A0105,R201252,BUILDING PLANNING AND COMPUTER AIDED BUILDING DRAWING,A,1.5
22031A0106,R201201,MATHEMATICS-II,E,3
22031A0106,R201202,ENGINEERING CHEMISTRY,F,0
22031A0106,R201203,ENGINEERING MECHANICS,F,0
22031A0106,R201204,PROGRAMMING FOR PROBLEM SOLVING USING C,F,0
22031A0106,R201205,BUILDING MATERIALS AND CONCRETE TECHNOLOGY,F,0
22031A0106,R201228,ENVIRONMENTAL SCIENCE,COMPLE,0
22031A0107,R201201,MATHEMATICS-II,D,3
22031A0107,R201202,ENGINEERING CHEMISTRY,D,3
22031A0107,R201203,ENGINEERING MECHANICS,D,3
22031A0107,R201204,PROGRAMMING FOR PROBLEM SOLVING USING C,C,3
22031A0107,R201205,BUILDING MATERIALS AND CONCRETE TECHNOLOGY,C,3
22031A0107,R201228,ENVIRONMENTAL SCIENCE,COMPLE,0
22031A0107,R201231,ENGINEERING CHEMISTRY LABORATORY,D,1.5
22031A0107,R201232,PROGRAMMING FOR PROBLEM SOLVING USING C LABORATORY,A,1.5
22031A0107,R201252,BUILDING PLANNING AND COMPUTER AIDED BUILDING DRAWING,A,1.5
22031A0108,R201201,MATHEMATICS-II,E,3
22031A0108,R201202,ENGINEERING CHEMISTRY,F,0
22031A0108,R201203,ENGINEERING MECHANICS,E,3
22031A0108,R201204,PROGRAMMING FOR PROBLEM SOLVING USING C,D,3
22031A0108,R201205,BUILDING MATERIALS AND CONCRETE TECHNOLOGY,E,3
22031A0108,R201228,ENVIRONMENTAL SCIENCE,COMPLE,0
22031A0108,R201231,ENGINEERING CHEMISTRY LABORATORY,D,1.5
22031A0108,R201232,PROGRAMMING FOR PROBLEM SOLVING USING C LABORATORY,B,1.5
22031A0108,R201252,BUILDING PLANNING AND COMPUTER AIDED BUILDING DRAWING,A,1.5
22031A0109,R201201,MATHEMATICS-II,D,3
22031A0109,R201202,ENGINEERING CHEMISTRY,E,3
22031A0109,R201203,ENGINEERING MECHANICS,E,3
22031A0109,R201204,PROGRAMMING FOR PROBLEM SOLVING USING C,D,3
22031A0109,R201205,BUILDING MATERIALS AND CONCRETE TECHNOLOGY,D,3
22031A0109,R201228,ENVIRONMENTAL SCIENCE,COMPLE,0
22031A0109,R201231,ENGINEERING CHEMISTRY LABORATORY,E,1.5
22031A0109,R201232,PROGRAMMING FOR PROBLEM SOLVING USING C LABORATORY,A,1.5
22031A0109,R201252,BUILDING PLANNING AND COMPUTER AIDED BUILDING DRAWING,A,1.5
22031A0110,R201201,MATHEMATICS-II,E,3
22031A0110,R201202,ENGINEERING CHEMISTRY,E,3
22031A0110,R201203,ENGINEERING MECHANICS,E,3
22031A0110,R201204,PROGRAMMING FOR PROBLEM SOLVING USING C,D,3
22031A0110,R201205,BUILDING MATERIALS AND CONCRETE TECHNOLOGY,C,3
22031A0110,R201228,ENVIRONMENTAL SCIENCE,COMPLE,0
22031A0110,R201231,ENGINEERING CHEMISTRY LABORATORY,D,1.5
22031A0110,R201232,PROGRAMMING FOR PROBLEM SOLVING USING C LABORATORY,B,1.5
22031A0110,R201252,BUILDING PLANNING AND COMPUTER AIDED BUILDING DRAWING,A,1.5
22031A0112,R201201,MATHEMATICS-II,E,3
22031A0112,R201202,ENGINEERING CHEMISTRY,E,3
22031A0112,R201203,ENGINEERING MECHANICS,F,0
22031A0112,R201204,PROGRAMMING FOR PROBLEM SOLVING USING C,F,0
22031A0112,R201205,BUILDING MATERIALS AND CONCRETE TECHNOLOGY,D,3
22031A0112,R201228,ENVIRONMENTAL SCIENCE,COMPLE,0
22031A0112,R201231,ENGINEERING CHEMISTRY LABORATORY,D,1.5
22031A0112,R201232,PROGRAMMING FOR PROBLEM SOLVING USING C LABORATORY,A,1.5
22031A0112,R201252,BUILDING PLANNING AND COMPUTER AIDED BUILDING DRAWING,A,1.5
22031A0114,R201201,MATHEMATICS-II,F,0
22031A0114,R201202,ENGINEERING CHEMISTRY,F,0
22031A0114,R201203,ENGINEERING MECHANICS,F,0
22031A0114,R201204,PROGRAMMING FOR PROBLEM SOLVING USING C,F,0
22031A0114,R201205,BUILDING MATERIALS AND CONCRETE TECHNOLOGY,F,0
22031A0114,R201228,ENVIRONMENTAL SCIENCE,COMPLE,0
22031A0114,R201231,ENGINEERING CHEMISTRY LABORATORY,E,1.5
22031A0114,R201232,PROGRAMMING FOR PROBLEM SOLVING USING C LABORATORY,C,1.5
22031A0114,R201252,BUILDING PLANNING AND COMPUTER AIDED BUILDING DRAWING,B,1.5
22031A0115,R201201,MATHEMATICS-II,E,3
22031A0115,R201202,ENGINEERING CHEMISTRY,F,0
22031A0115,R201203,ENGINEERING MECHANICS,F,0
22031A0115,R201204,PROGRAMMING FOR PROBLEM SOLVING USING C,D,3
22031A0115,R201205,BUILDING MATERIALS AND CONCRETE TECHNOLOGY,D,3
22031A0115,R201228,ENVIRONMENTAL SCIENCE,COMPLE,0
22031A0115,R201231,ENGINEERING CHEMISTRY LABORATORY,E,1.5
22031A0115,R201232,PROGRAMMING FOR PROBLEM SOLVING USING C LABORATORY,B,1.5
22031A0115,R201252,BUILDING PLANNING AND COMPUTER AIDED BUILDING DRAWING,B,1.5
22031A0116,R201201,MATHEMATICS-II,E,3
22031A0116,R201202,ENGINEERING CHEMISTRY,F,0
22031A0116,R201203,ENGINEERING MECHANICS,E,3
22031A0116,R201204,PROGRAMMING FOR PROBLEM SOLVING USING C,D,3
22031A0116,R201205,BUILDING MATERIALS AND CONCRETE TECHNOLOGY,D,3
22031A0116,R201228,ENVIRONMENTAL SCIENCE,COMPLE,0
22031A0116,R201231,ENGINEERING CHEMISTRY LABORATORY,E,1.5
22031A0116,R201232,PROGRAMMING FOR PROBLEM SOLVING USING C LABORATORY,A,1.5
22031A0116,R201252,BUILDING PLANNING AND COMPUTER AIDED BUILDING DRAWING,B,1.5
22031A0117,R201201,MATHEMATICS-II,F,0
22031A0117,R201202,ENGINEERING CHEMISTRY,F,0
22031A0117,R201203,ENGINEERING MECHANICS,E,3
22031A0117,R201204,PROGRAMMING FOR PROBLEM SOLVING USING C,D,3
22031A0117,R201205,BUILDING MATERIALS AND CONCRETE TECHNOLOGY,E,3
22031A0117,R201228,ENVIRONMENTAL SCIENCE,COMPLE,0
22031A0117,R201231,ENGINEERING CHEMISTRY LABORATORY,E,1.5
22031A0117,R201232,PROGRAMMING FOR PROBLEM SOLVING USING C LABORATORY,B,1.5
22031A0117,R201252,BUILDING PLANNING AND COMPUTER AIDED BUILDING DRAWING,A,1.5
22031A0201,R201206,MATHEMATICS-III,E,3
22031A0201,R201207,APPLIED PHYSICS,E,3
22031A0201,R201208,DATA STRUCTURES THROUGH C,D,3
22031A0201,R201209,ELECTRICAL CIRCUIT ANALYSIS-I,E,3
22031A0201,R201227,BASIC CIVIL AND MECHANICAL ENGINEERING,E,3
22031A0201,R201229,CONSTITUTION OF INDIA,COMPLE,0
22031A0201,R201233,APPLIED PHYSICS LABORATORY,C,1.5
22031A0201,R201234,DATA STRUCTURES THROUGH C LABORATORY,A,1.5
22031A0201,R201251,BASIC CIVIL AND MECHANICAL ENGINEERING LABORATORY,B,1.5
22031A0202,R201206,MATHEMATICS-III,E,3
22031A0202,R201207,APPLIED PHYSICS,D,3
22031A0202,R201208,DATA STRUCTURES THROUGH C,D,3
22031A0202,R201209,ELECTRICAL CIRCUIT ANALYSIS-I,F,0
22031A0202,R201227,BASIC CIVIL AND MECHANICAL ENGINEERING,E,3
22031A0202,R201229,CONSTITUTION OF INDIA,COMPLE,0
22031A0202,R201233,APPLIED PHYSICS LABORATORY,C,1.5
22031A0202,R201234,DATA STRUCTURES THROUGH C LABORATORY,A,1.5
22031A0202,R201251,BASIC CIVIL AND MECHANICAL ENGINEERING LABORATORY,C,1.5
22031A0203,R201206,MATHEMATICS-III,D,3
22031A0203,R201207,APPLIED PHYSICS,C,3
22031A0203,R201208,DATA STRUCTURES THROUGH C,D,3
22031A0203,R201209,ELECTRICAL CIRCUIT ANALYSIS-I,D,3
22031A0203,R201227,BASIC CIVIL AND MECHANICAL ENGINEERING,E,3
22031A0203,R201229,CONSTITUTION OF INDIA,COMPLE,0
22031A0203,R201233,APPLIED PHYSICS LABORATORY,C,1.5
22031A0203,R201234,DATA STRUCTURES THROUGH C LABORATORY,A+,1.5
22031A0203,R201251,BASIC CIVIL AND MECHANICAL ENGINEERING LABORATORY,B,1.5
22031A0204,R201206,MATHEMATICS-III,F,0
22031A0204,R201207,APPLIED PHYSICS,E,3
22031A0204,R201208,DATA STRUCTURES THROUGH C,D,3
22031A0204,R201209,ELECTRICAL CIRCUIT ANALYSIS-I,E,3
22031A0204,R201227,BASIC CIVIL AND MECHANICAL ENGINEERING,E,3
22031A0204,R201229,CONSTITUTION OF INDIA,COMPLE,0
22031A0205,R201206,MATHEMATICS-III,F,0
22031A0205,R201207,APPLIED PHYSICS,F,0
22031A0205,R201208,DATA STRUCTURES THROUGH C,C,3
22031A0205,R201209,ELECTRICAL CIRCUIT ANALYSIS-I,E,3
22031A0205,R201227,BASIC CIVIL AND MECHANICAL ENGINEERING,D,3
22031A0205,R201229,CONSTITUTION OF INDIA,COMPLE,0
22031A0205,R201233,APPLIED PHYSICS LABORATORY,A,1.5
22031A0205,R201234,DATA STRUCTURES THROUGH C LABORATORY,B,1.5
22031A0205,R201251,BASIC CIVIL AND MECHANICAL ENGINEERING LABORATORY,A,1.5
22031A0206,R201206,MATHEMATICS-III,F,0
22031A0206,R201207,APPLIED PHYSICS,F,0
22031A0206,R201208,DATA STRUCTURES THROUGH C,D,3
22031A0206,R201209,ELECTRICAL CIRCUIT ANALYSIS-I,F,0
22031A0206,R201227,BASIC CIVIL AND MECHANICAL ENGINEERING,E,3
22031A0206,R201229,CONSTITUTION OF INDIA,COMPLE,0
22031A0206,R201233,APPLIED PHYSICS LABORATORY,C,1.5
22031A0206,R201234,DATA STRUCTURES THROUGH C LABORATORY,B,1.5
22031A0206,R201251,BASIC CIVIL AND MECHANICAL ENGINEERING LABORATORY,B,1.5
22031A0207,R201206,MATHEMATICS-III,F,0
22031A0207,R201207,APPLIED PHYSICS,D,3
22031A0207,R201208,DATA STRUCTURES THROUGH C,D,3
22031A0207,R201209,ELECTRICAL CIRCUIT ANALYSIS-I,E,3
22031A0207,R201227,BASIC CIVIL AND MECHANICAL ENGINEERING,E,3
22031A0207,R201229,CONSTITUTION OF INDIA,COMPLE,0
22031A0207,R201233,APPLIED PHYSICS LABORATORY,A,1.5
22031A0207,R201234,DATA STRUCTURES THROUGH C LABORATORY,B,1.5
22031A0207,R201251,BASIC CIVIL AND MECHANICAL ENGINEERING LABORATORY,B,1.5
22031A0208,R201206,MATHEMATICS-III,E,3
22031A0208,R201207,APPLIED PHYSICS,F,0
22031A0208,R201208,DATA STRUCTURES THROUGH C,E,3
22031A0208,R201209,ELECTRICAL CIRCUIT ANALYSIS-I,E,3
22031A0208,R201227,BASIC CIVIL AND MECHANICAL ENGINEERING,E,3
22031A0208,R201229,CONSTITUTION OF INDIA,COMPLE,0
22031A0208,R201233,APPLIED PHYSICS LABORATORY,C,1.5
22031A0208,R201234,DATA STRUCTURES THROUGH C LABORATORY,B,1.5
22031A0208,R201251,BASIC CIVIL AND MECHANICAL ENGINEERING LABORATORY,C,1.5
22031A0209,R201206,MATHEMATICS-III,E,3
22031A0209,R201207,APPLIED PHYSICS,F,0
22031A0209,R201208,DATA STRUCTURES THROUGH C,E,3
22031A0209,R201209,ELECTRICAL CIRCUIT ANALYSIS-I,F,0
22031A0209,R201227,BASIC CIVIL AND MECHANICAL ENGINEERING,F,0
22031A0209,R201229,CONSTITUTION OF INDIA,COMPLE,0
22031A0209,R201233,APPLIED PHYSICS LABORATORY,A,1.5
22031A0209,R201234,DATA STRUCTURES THROUGH C LABORATORY,A,1.5
22031A0209,R201251,BASIC CIVIL AND MECHANICAL ENGINEERING LABORATORY,D,1.5
22031A0210,R201206,MATHEMATICS-III,F,0
22031A0210,R201207,APPLIED PHYSICS,F,0
22031A0210,R201208,DATA STRUCTURES THROUGH C,D,3
22031A0210,R201209,ELECTRICAL CIRCUIT ANALYSIS-I,F,0
22031A0210,R201227,BASIC CIVIL AND MECHANICAL ENGINEERING,E,3
22031A0210,R201229,CONSTITUTION OF INDIA,COMPLE,0
22031A0210,R201233,APPLIED PHYSICS LABORATORY,B,1.5
22031A0210,R201234,DATA STRUCTURES THROUGH C LABORATORY,B,1.5
22031A0210,R201251,BASIC CIVIL AND MECHANICAL ENGINEERING LABORATORY,B,1.5
22031A0211,R201206,MATHEMATICS-III,E,3
22031A0211,R201207,APPLIED PHYSICS,D,3
22031A0211,R201208,DATA STRUCTURES THROUGH C,E,3
22031A0211,R201209,ELECTRICAL CIRCUIT ANALYSIS-I,E,3
22031A0211,R201227,BASIC CIVIL AND MECHANICAL ENGINEERING,F,0
22031A0211,R201229,CONSTITUTION OF INDIA,COMPLE,0
22031A0211,R201233,APPLIED PHYSICS LABORATORY,A,1.5
22031A0211,R201234,DATA STRUCTURES THROUGH C LABORATORY,A,1.5
22031A0211,R201251,BASIC CIVIL AND MECHANICAL ENGINEERING LABORATORY,B,1.5
22031A0212,R201206,MATHEMATICS-III,D,3
22031A0212,R201207,APPLIED PHYSICS,C,3
22031A0212,R201208,DATA STRUCTURES THROUGH C,D,3
22031A0212,R201209,ELECTRICAL CIRCUIT ANALYSIS-I,E,3
22031A0212,R201227,BASIC CIVIL AND MECHANICAL ENGINEERING,E,3
22031A0212,R201229,CONSTITUTION OF INDIA,COMPLE,0
22031A0212,R201233,APPLIED PHYSICS LABORATORY,B,1.5
22031A0212,R201234,DATA STRUCTURES THROUGH C LABORATORY,A,1.5
22031A0212,R201251,BASIC CIVIL AND MECHANICAL ENGINEERING LABORATORY,B,1.5
22031A0213,R201206,MATHEMATICS-III,E,3
22031A0213,R201207,APPLIED PHYSICS,E,3
22031A0213,R201208,DATA STRUCTURES THROUGH C,E,3
22031A0213,R201209,ELECTRICAL CIRCUIT ANALYSIS-I,D,3
22031A0213,R201227,BASIC CIVIL AND MECHANICAL ENGINEERING,E,3
22031A0213,R201229,CONSTITUTION OF INDIA,COMPLE,0
22031A0214,R201206,MATHEMATICS-III,D,3
22031A0214,R201207,APPLIED PHYSICS,B,3
22031A0214,R201208,DATA STRUCTURES THROUGH C,D,3
22031A0214,R201209,ELECTRICAL CIRCUIT ANALYSIS-I,D,3
22031A0214,R201227,BASIC CIVIL AND MECHANICAL ENGINEERING,D,3
22031A0214,R201229,CONSTITUTION OF INDIA,COMPLE,0
22031A0214,R201233,APPLIED PHYSICS LABORATORY,B,1.5
22031A0214,R201234,DATA STRUCTURES THROUGH C LABORATORY,A,1.5
22031A0214,R201251,BASIC CIVIL AND MECHANICAL ENGINEERING LABORATORY,B,1.5
22031A0215,R201206,MATHEMATICS-III,D,3
22031A0215,R201207,APPLIED PHYSICS,C,3
22031A0215,R201208,DATA STRUCTURES THROUGH C,D,3
22031A0215,R201209,ELECTRICAL CIRCUIT ANALYSIS-I,E,3
22031A0215,R201227,BASIC CIVIL AND MECHANICAL ENGINEERING,E,3
22031A0215,R201229,CONSTITUTION OF INDIA,COMPLE,0
22031A0215,R201233,APPLIED PHYSICS LABORATORY,A+,1.5
22031A0215,R201234,DATA STRUCTURES THROUGH C LABORATORY,A,1.5
22031A0215,R201251,BASIC CIVIL AND MECHANICAL ENGINEERING LABORATORY,A+,1.5
22031A0217,R201206,MATHEMATICS-III,D,3
22031A0217,R201207,APPLIED PHYSICS,C,3
22031A0217,R201208,DATA STRUCTURES THROUGH C,D,3
22031A0217,R201209,ELECTRICAL CIRCUIT ANALYSIS-I,D,3
22031A0217,R201227,BASIC CIVIL AND MECHANICAL ENGINEERING,E,3
22031A0217,R201229,CONSTITUTION OF INDIA,COMPLE,0
22031A0217,R201233,APPLIED PHYSICS LABORATORY,A,1.5
22031A0217,R201234,DATA STRUCTURES THROUGH C LABORATORY,A,1.5
22031A0217,R201251,BASIC CIVIL AND MECHANICAL ENGINEERING LABORATORY,A,1.5
22031A0218,R201206,MATHEMATICS-III,A+,3
22031A0218,R201207,APPLIED PHYSICS,A,3
22031A0218,R201208,DATA STRUCTURES THROUGH C,D,3
22031A0218,R201209,ELECTRICAL CIRCUIT ANALYSIS-I,B,3
22031A0218,R201227,BASIC CIVIL AND MECHANICAL ENGINEERING,C,3
22031A0218,R201229,CONSTITUTION OF INDIA,COMPLE,0
22031A0218,R201233,APPLIED PHYSICS LABORATORY,A+,1.5
22031A0218,R201234,DATA STRUCTURES THROUGH C LABORATORY,A,1.5
22031A0218,R201251,BASIC CIVIL AND MECHANICAL ENGINEERING LABORATORY,A+,1.5
22031A0219,R201206,MATHEMATICS-III,D,3
22031A0219,R201207,APPLIED PHYSICS,F,0
22031A0219,R201208,DATA STRUCTURES THROUGH C,E,3
22031A0219,R201209,ELECTRICAL CIRCUIT ANALYSIS-I,F,0
22031A0219,R201227,BASIC CIVIL AND MECHANICAL ENGINEERING,E,3
22031A0219,R201229,CONSTITUTION OF INDIA,COMPLE,0
22031A0219,R201233,APPLIED PHYSICS LABORATORY,B,1.5
22031A0219,R201234,DATA STRUCTURES THROUGH C LABORATORY,B,1.5
22031A0219,R201251,BASIC CIVIL AND MECHANICAL ENGINEERING LABORATORY,A,1.5
22031A0220,R201206,MATHEMATICS-III,E,3
22031A0220,R201207,APPLIED PHYSICS,C,3
22031A0220,R201208,DATA STRUCTURES THROUGH C,D,3
22031A0220,R201209,ELECTRICAL CIRCUIT ANALYSIS-I,E,3
22031A0220,R201227,BASIC CIVIL AND MECHANICAL ENGINEERING,E,3
22031A0220,R201229,CONSTITUTION OF INDIA,COMPLE,0
22031A0220,R201233,APPLIED PHYSICS LABORATORY,A+,1.5
22031A0220,R201234,DATA STRUCTURES THROUGH C LABORATORY,B,1.5
22031A0220,R201251,BASIC CIVIL AND MECHANICAL ENGINEERING LABORATORY,A,1.5
22031A0221,R201206,MATHEMATICS-III,F,0
22031A0221,R201207,APPLIED PHYSICS,D,3
22031A0221,R201208,DATA STRUCTURES THROUGH C,F,0
22031A0221,R201209,ELECTRICAL CIRCUIT ANALYSIS-I,F,0
22031A0221,R201227,BASIC CIVIL AND MECHANICAL ENGINEERING,F,0
22031A0221,R201229,CONSTITUTION OF INDIA,COMPLE,0
22031A0222,R201206,MATHEMATICS-III,C,3
22031A0222,R201207,APPLIED PHYSICS,D,3
22031A0222,R201208,DATA STRUCTURES THROUGH C,D,3
22031A0222,R201209,ELECTRICAL CIRCUIT ANALYSIS-I,C,3
22031A0222,R201227,BASIC CIVIL AND MECHANICAL ENGINEERING,E,3
22031A0222,R201229,CONSTITUTION OF INDIA,COMPLE,0
22031A0222,R201233,APPLIED PHYSICS LABORATORY,A,1.5
22031A0222,R201234,DATA STRUCTURES THROUGH C LABORATORY,A,1.5
22031A0222,R201251,BASIC CIVIL AND MECHANICAL ENGINEERING LABORATORY,A,1.5
22031A0223,R201206,MATHEMATICS-III,F,0
22031A0223,R201207,APPLIED PHYSICS,F,0
22031A0223,R201208,DATA STRUCTURES THROUGH C,D,3
22031A0223,R201209,ELECTRICAL CIRCUIT ANALYSIS-I,E,3
22031A0223,R201227,BASIC CIVIL AND MECHANICAL ENGINEERING,F,0
22031A0223,R201229,CONSTITUTION OF INDIA,COMPLE,0
22031A0223,R201233,APPLIED PHYSICS LABORATORY,A,1.5
22031A0223,R201234,DATA STRUCTURES THROUGH C LABORATORY,A,1.5
22031A0223,R201251,BASIC CIVIL AND MECHANICAL ENGINEERING LABORATORY,B,1.5
22031A0224,R201206,MATHEMATICS-III,D,3
22031A0224,R201207,APPLIED PHYSICS,E,3
22031A0224,R201208,DATA STRUCTURES THROUGH C,E,3
22031A0224,R201209,ELECTRICAL CIRCUIT ANALYSIS-I,F,0
22031A0224,R201227,BASIC CIVIL AND MECHANICAL ENGINEERING,E,3
22031A0224,R201229,CONSTITUTION OF INDIA,COMPLE,0
22031A0224,R201233,APPLIED PHYSICS LABORATORY,B,1.5
22031A0224,R201234,DATA STRUCTURES THROUGH C LABORATORY,B,1.5
22031A0224,R201251,BASIC CIVIL AND MECHANICAL ENGINEERING LABORATORY,C,1.5
22031A0225,R201206,MATHEMATICS-III,D,3
22031A0225,R201207,APPLIED PHYSICS,C,3
22031A0225,R201208,DATA STRUCTURES THROUGH C,C,3
22031A0225,R201209,ELECTRICAL CIRCUIT ANALYSIS-I,D,3
22031A0225,R201227,BASIC CIVIL AND MECHANICAL ENGINEERING,D,3
22031A0225,R201229,CONSTITUTION OF INDIA,COMPLE,0
22031A0225,R201233,APPLIED PHYSICS LABORATORY,A,1.5
22031A0225,R201234,DATA STRUCTURES THROUGH C LABORATORY,A,1.5
22031A0225,R201251,BASIC CIVIL AND MECHANICAL ENGINEERING LABORATORY,A,1.5
22031A0226,R201206,MATHEMATICS-III,E,3
22031A0226,R201207,APPLIED PHYSICS,D,3
22031A0226,R201208,DATA STRUCTURES THROUGH C,D,3
22031A0226,R201209,ELECTRICAL CIRCUIT ANALYSIS-I,E,3
22031A0226,R201227,BASIC CIVIL AND MECHANICAL ENGINEERING,E,3
22031A0226,R201229,CONSTITUTION OF INDIA,COMPLE,0
22031A0226,R201233,APPLIED PHYSICS LABORATORY,A+,1.5
22031A0226,R201234,DATA STRUCTURES THROUGH C LABORATORY,B,1.5
22031A0226,R201251,BASIC CIVIL AND MECHANICAL ENGINEERING LABORATORY,B,1.5
22031A0227,R201206,MATHEMATICS-III,F,0
22031A0227,R201207,APPLIED PHYSICS,F,0
22031A0227,R201208,DATA STRUCTURES THROUGH C,E,3
22031A0227,R201209,ELECTRICAL CIRCUIT ANALYSIS-I,F,0
22031A0227,R201227,BASIC CIVIL AND MECHANICAL ENGINEERING,E,3
22031A0227,R201229,CONSTITUTION OF INDIA,COMPLE,0
22031A0227,R201233,APPLIED PHYSICS LABORATORY,B,1.5
22031A0227,R201234,DATA STRUCTURES THROUGH C LABORATORY,B,1.5
22031A0227,R201251,BASIC CIVIL AND MECHANICAL ENGINEERING LABORATORY,B,1.5
22031A0228,R201206,MATHEMATICS-III,F,0
22031A0228,R201207,APPLIED PHYSICS,B,3
22031A0228,R201208,DATA STRUCTURES THROUGH C,D,3
22031A0228,R201209,ELECTRICAL CIRCUIT ANALYSIS-I,D,3
22031A0228,R201227,BASIC CIVIL AND MECHANICAL ENGINEERING,E,3
22031A0228,R201229,CONSTITUTION OF INDIA,COMPLE,0
22031A0228,R201233,APPLIED PHYSICS LABORATORY,A,1.5
22031A0228,R201234,DATA STRUCTURES THROUGH C LABORATORY,A,1.5
22031A0228,R201251,BASIC CIVIL AND MECHANICAL ENGINEERING LABORATORY,A,1.5
22031A0229,R201206,MATHEMATICS-III,F,0
22031A0229,R201207,APPLIED PHYSICS,F,0
22031A0229,R201208,DATA STRUCTURES THROUGH C,D,3
22031A0229,R201209,ELECTRICAL CIRCUIT ANALYSIS-I,F,0
22031A0229,R201227,BASIC CIVIL AND MECHANICAL ENGINEERING,F,0
22031A0229,R201229,CONSTITUTION OF INDIA,COMPLE,0
22031A0229,R201233,APPLIED PHYSICS LABORATORY,A,1.5
22031A0229,R201234,DATA STRUCTURES THROUGH C LABORATORY,A,1.5
22031A0229,R201251,BASIC CIVIL AND MECHANICAL ENGINEERING LABORATORY,B,1.5
22031A0301,R201201,MATHEMATICS-II,C,3
22031A0301,R201202,ENGINEERING CHEMISTRY,C,3
22031A0301,R201210,ENGINEERING MECHANICS,D,3
22031A0301,R201211,BASIC ELECTRICAL AND ELECTRONICS ENGINEERING,D,3
22031A0301,R201229,CONSTITUTION OF INDIA,COMPLE,0
22031A0301,R201231,ENGINEERING CHEMISTRY LABORATORY,B,1.5
22031A0301,R201235,WORKSHOP PRACTICE LABORATORY,A,1.5
22031A0301,R201236,BASIC ELECTRICAL & ELECTRONICS ENGINEERING LAB,B,1.5
22031A0301,R201254,THERMODYNAMICS,E,3
22031A0302,R201201,MATHEMATICS-II,F,0
22031A0302,R201202,ENGINEERING CHEMISTRY,F,0
22031A0302,R201210,ENGINEERING MECHANICS,F,0
22031A0302,R201211,BASIC ELECTRICAL AND ELECTRONICS ENGINEERING,F,0
22031A0302,R201229,CONSTITUTION OF INDIA,COMPLE,0
22031A0302,R201231,ENGINEERING CHEMISTRY LABORATORY,E,1.5
22031A0302,R201235,WORKSHOP PRACTICE LABORATORY,B,1.5
22031A0302,R201236,BASIC ELECTRICAL & ELECTRONICS ENGINEERING LAB,C,1.5
22031A0302,R201254,THERMODYNAMICS,F,0
22031A0303,R201201,MATHEMATICS-II,B,3
22031A0303,R201202,ENGINEERING CHEMISTRY,E,3
22031A0303,R201210,ENGINEERING MECHANICS,E,3
22031A0303,R201211,BASIC ELECTRICAL AND ELECTRONICS ENGINEERING,E,3
22031A0303,R201229,CONSTITUTION OF INDIA,COMPLE,0
22031A0303,R201231,ENGINEERING CHEMISTRY LABORATORY,E,1.5
22031A0303,R201235,WORKSHOP PRACTICE LABORATORY,B,1.5
22031A0303,R201236,BASIC ELECTRICAL & ELECTRONICS ENGINEERING LAB,C,1.5
22031A0303,R201254,THERMODYNAMICS,E,3
22031A0304,R201201,MATHEMATICS-II,D,3
22031A0304,R201202,ENGINEERING CHEMISTRY,E,3
22031A0304,R201210,ENGINEERING MECHANICS,D,3
22031A0304,R201211,BASIC ELECTRICAL AND ELECTRONICS ENGINEERING,D,3
22031A0304,R201229,CONSTITUTION OF INDIA,COMPLE,0
22031A0304,R201231,ENGINEERING CHEMISTRY LABORATORY,B,1.5
22031A0304,R201235,WORKSHOP PRACTICE LABORATORY,A,1.5
22031A0304,R201236,BASIC ELECTRICAL & ELECTRONICS ENGINEERING LAB,B,1.5
22031A0304,R201254,THERMODYNAMICS,E,3
22031A0305,R201201,MATHEMATICS-II,C,3
22031A0305,R201202,ENGINEERING CHEMISTRY,E,3
22031A0305,R201210,ENGINEERING MECHANICS,D,3
22031A0305,R201211,BASIC ELECTRICAL AND ELECTRONICS ENGINEERING,E,3
22031A0305,R201229,CONSTITUTION OF INDIA,COMPLE,0
22031A0305,R201231,ENGINEERING CHEMISTRY LABORATORY,E,1.5
22031A0305,R201235,WORKSHOP PRACTICE LABORATORY,A,1.5
22031A0305,R201236,BASIC ELECTRICAL & ELECTRONICS ENGINEERING LAB,B,1.5
22031A0305,R201254,THERMODYNAMICS,E,3
22031A0306,R201201,MATHEMATICS-II,E,3
22031A0306,R201202,ENGINEERING CHEMISTRY,F,0
22031A0306,R201210,ENGINEERING MECHANICS,E,3
22031A0306,R201211,BASIC ELECTRICAL AND ELECTRONICS ENGINEERING,E,3
22031A0306,R201229,CONSTITUTION OF INDIA,COMPLE,0
22031A0306,R201231,ENGINEERING CHEMISTRY LABORATORY,E,1.5
22031A0306,R201235,WORKSHOP PRACTICE LABORATORY,B,1.5
22031A0306,R201236,BASIC ELECTRICAL & ELECTRONICS ENGINEERING LAB,B,1.5
22031A0306,R201254,THERMODYNAMICS,E,3
22031A0307,R201201,MATHEMATICS-II,D,3
22031A0307,R201202,ENGINEERING CHEMISTRY,B,3
22031A0307,R201210,ENGINEERING MECHANICS,D,3
22031A0307,R201211,BASIC ELECTRICAL AND ELECTRONICS ENGINEERING,D,3
22031A0307,R201229,CONSTITUTION OF INDIA,COMPLE,0
22031A0307,R201231,ENGINEERING CHEMISTRY LABORATORY,A+,1.5
22031A0307,R201235,WORKSHOP PRACTICE LABORATORY,A,1.5
22031A0307,R201236,BASIC ELECTRICAL & ELECTRONICS ENGINEERING LAB,A,1.5
22031A0307,R201254,THERMODYNAMICS,E,3
22031A0308,R201201,MATHEMATICS-II,F,0
22031A0308,R201202,ENGINEERING CHEMISTRY,F,0
22031A0308,R201210,ENGINEERING MECHANICS,E,3
22031A0308,R201211,BASIC ELECTRICAL AND ELECTRONICS ENGINEERING,F,0
22031A0308,R201229,CONSTITUTION OF INDIA,COMPLE,0
22031A0308,R201231,ENGINEERING CHEMISTRY LABORATORY,E,1.5
22031A0308,R201235,WORKSHOP PRACTICE LABORATORY,B,1.5
22031A0308,R201236,BASIC ELECTRICAL & ELECTRONICS ENGINEERING LAB,B,1.5
22031A0308,R201254,THERMODYNAMICS,F,0
22031A0309,R201201,MATHEMATICS-II,C,3
22031A0309,R201202,ENGINEERING CHEMISTRY,F,0
22031A0309,R201210,ENGINEERING MECHANICS,E,3
22031A0309,R201211,BASIC ELECTRICAL AND ELECTRONICS ENGINEERING,E,3
22031A0309,R201229,CONSTITUTION OF INDIA,COMPLE,0
22031A0309,R201231,ENGINEERING CHEMISTRY LABORATORY,E,1.5
22031A0309,R201235,WORKSHOP PRACTICE LABORATORY,C,1.5
22031A0309,R201236,BASIC ELECTRICAL & ELECTRONICS ENGINEERING LAB,B,1.5
22031A0309,R201254,THERMODYNAMICS,E,3
22031A0310,R201201,MATHEMATICS-II,D,3
22031A0310,R201202,ENGINEERING CHEMISTRY,E,3
22031A0310,R201210,ENGINEERING MECHANICS,D,3
22031A0310,R201211,BASIC ELECTRICAL AND ELECTRONICS ENGINEERING,D,3
22031A0310,R201229,CONSTITUTION OF INDIA,COMPLE,0
22031A0310,R201231,ENGINEERING CHEMISTRY LABORATORY,B,1.5
22031A0310,R201235,WORKSHOP PRACTICE LABORATORY,A,1.5
22031A0310,R201236,BASIC ELECTRICAL & ELECTRONICS ENGINEERING LAB,B,1.5
22031A0310,R201254,THERMODYNAMICS,E,3
22031A0311,R201201,MATHEMATICS-II,E,3
22031A0311,R201202,ENGINEERING CHEMISTRY,E,3
22031A0311,R201210,ENGINEERING MECHANICS,D,3
22031A0311,R201211,BASIC ELECTRICAL AND ELECTRONICS ENGINEERING,E,3
22031A0311,R201229,CONSTITUTION OF INDIA,COMPLE,0
22031A0311,R201231,ENGINEERING CHEMISTRY LABORATORY,E,1.5
22031A0311,R201235,WORKSHOP PRACTICE LABORATORY,A,1.5
22031A0311,R201236,BASIC ELECTRICAL & ELECTRONICS ENGINEERING LAB,B,1.5
22031A0311,R201254,THERMODYNAMICS,E,3
22031A0312,R201201,MATHEMATICS-II,E,3
22031A0312,R201202,ENGINEERING CHEMISTRY,E,3
22031A0312,R201210,ENGINEERING MECHANICS,E,3
22031A0312,R201211,BASIC ELECTRICAL AND ELECTRONICS ENGINEERING,E,3
22031A0312,R201229,CONSTITUTION OF INDIA,COMPLE,0
22031A0312,R201231,ENGINEERING CHEMISTRY LABORATORY,D,1.5
22031A0312,R201235,WORKSHOP PRACTICE LABORATORY,A,1.5
22031A0312,R201236,BASIC ELECTRICAL & ELECTRONICS ENGINEERING LAB,B,1.5
22031A0312,R201254,THERMODYNAMICS,E,3
22031A0313,R201201,MATHEMATICS-II,D,3
22031A0313,R201202,ENGINEERING CHEMISTRY,D,3
22031A0313,R201210,ENGINEERING MECHANICS,E,3
22031A0313,R201211,BASIC ELECTRICAL AND ELECTRONICS ENGINEERING,E,3
22031A0313,R201229,CONSTITUTION OF INDIA,COMPLE,0
22031A0313,R201231,ENGINEERING CHEMISTRY LABORATORY,B,1.5
22031A0313,R201235,WORKSHOP PRACTICE LABORATORY,B,1.5
22031A0313,R201236,BASIC ELECTRICAL & ELECTRONICS ENGINEERING LAB,A,1.5
22031A0313,R201254,THERMODYNAMICS,E,3
22031A0401,R201201,MATHEMATICS-II,C,3
22031A0401,R201207,APPLIED PHYSICS,D,3
22031A0401,R201212,OBJECT ORIENTED PROGRAMMING THROUGH JAVA,E,3
22031A0401,R201213,NETWORK ANALYSIS,D,3
22031A0401,R201214,BASIC ELECTRICAL ENGINEERING,E,3
22031A0401,R201230,ENVIRONMENTAL SCIENCE,COMPLE,0
22031A0401,R201233,APPLIED PHYSICS LABORATORY,A,1.5
22031A0401,R201237,ELECTRONIC WORKSHOP LABORATORY,C,1.5
22031A0401,R201238,BASIC ELECTRICAL ENGINEERING LABORATORY,B,1.5
22031A0402,R201201,MATHEMATICS-II,E,3
22031A0402,R201207,APPLIED PHYSICS,F,0
22031A0402,R201212,OBJECT ORIENTED PROGRAMMING THROUGH JAVA,F,0
22031A0402,R201213,NETWORK ANALYSIS,F,0
22031A0402,R201214,BASIC ELECTRICAL ENGINEERING,E,3
22031A0402,R201230,ENVIRONMENTAL SCIENCE,COMPLE,0
22031A0402,R201233,APPLIED PHYSICS LABORATORY,A,1.5
22031A0402,R201237,ELECTRONIC WORKSHOP LABORATORY,B,1.5
22031A0402,R201238,BASIC ELECTRICAL ENGINEERING LABORATORY,B,1.5
22031A0403,R201201,MATHEMATICS-II,D,3
22031A0403,R201207,APPLIED PHYSICS,D,3
22031A0403,R201212,OBJECT ORIENTED PROGRAMMING THROUGH JAVA,C,3
22031A0403,R201213,NETWORK ANALYSIS,D,3
22031A0403,R201214,BASIC ELECTRICAL ENGINEERING,D,3
22031A0403,R201230,ENVIRONMENTAL SCIENCE,COMPLE,0
22031A0403,R201233,APPLIED PHYSICS LABORATORY,A+,1.5
22031A0403,R201237,ELECTRONIC WORKSHOP LABORATORY,B,1.5
22031A0403,R201238,BASIC ELECTRICAL ENGINEERING LABORATORY,A,1.5
22031A0404,R201201,MATHEMATICS-II,D,3
22031A0404,R201207,APPLIED PHYSICS,C,3
22031A0404,R201212,OBJECT ORIENTED PROGRAMMING THROUGH JAVA,E,3
22031A0404,R201213,NETWORK ANALYSIS,E,3
22031A0404,R201214,BASIC ELECTRICAL ENGINEERING,E,3
22031A0404,R201230,ENVIRONMENTAL SCIENCE,COMPLE,0
22031A0404,R201233,APPLIED PHYSICS LABORATORY,A,1.5
22031A0404,R201237,ELECTRONIC WORKSHOP LABORATORY,B,1.5
22031A0404,R201238,BASIC ELECTRICAL ENGINEERING LABORATORY,A,1.5
22031A0405,R201201,MATHEMATICS-II,E,3
22031A0405,R201207,APPLIED PHYSICS,F,0
22031A0405,R201212,OBJECT ORIENTED PROGRAMMING THROUGH JAVA,F,0
22031A0405,R201213,NETWORK ANALYSIS,E,3
22031A0405,R201214,BASIC ELECTRICAL ENGINEERING,E,3
22031A0405,R201230,ENVIRONMENTAL SCIENCE,COMPLE,0
22031A0405,R201233,APPLIED PHYSICS LABORATORY,A,1.5
22031A0405,R201237,ELECTRONIC WORKSHOP LABORATORY,A,1.5
22031A0405,R201238,BASIC ELECTRICAL ENGINEERING LABORATORY,C,1.5
22031A0406,R201201,MATHEMATICS-II,A,3
22031A0406,R201207,APPLIED PHYSICS,A+,3
22031A0406,R201212,OBJECT ORIENTED PROGRAMMING THROUGH JAVA,B,3
22031A0406,R201213,NETWORK ANALYSIS,C,3
22031A0406,R201214,BASIC ELECTRICAL ENGINEERING,A,3
22031A0406,R201230,ENVIRONMENTAL SCIENCE,COMPLE,0
22031A0406,R201233,APPLIED PHYSICS LABORATORY,A+,1.5
22031A0406,R201237,ELECTRONIC WORKSHOP LABORATORY,A,1.5
22031A0406,R201238,BASIC ELECTRICAL ENGINEERING LABORATORY,A+,1.5
22031A0408,R201201,MATHEMATICS-II,A,3
22031A0408,R201207,APPLIED PHYSICS,B,3
22031A0408,R201212,OBJECT ORIENTED PROGRAMMING THROUGH JAVA,A,3
22031A0408,R201213,NETWORK ANALYSIS,B,3
22031A0408,R201214,BASIC ELECTRICAL ENGINEERING,C,3
22031A0408,R201230,ENVIRONMENTAL SCIENCE,COMPLE,0
22031A0408,R201233,APPLIED PHYSICS LABORATORY,A+,1.5
22031A0408,R201237,ELECTRONIC WORKSHOP LABORATORY,A,1.5
22031A0408,R201238,BASIC ELECTRICAL ENGINEERING LABORATORY,A,1.5
22031A0409,R201201,MATHEMATICS-II,E,3
22031A0409,R201207,APPLIED PHYSICS,D,3
22031A0409,R201212,OBJECT ORIENTED PROGRAMMING THROUGH JAVA,E,3
22031A0409,R201213,NETWORK ANALYSIS,E,3
22031A0409,R201214,BASIC ELECTRICAL ENGINEERING,C,3
22031A0409,R201230,ENVIRONMENTAL SCIENCE,COMPLE,0
22031A0409,R201233,APPLIED PHYSICS LABORATORY,A+,1.5
22031A0409,R201237,ELECTRONIC WORKSHOP LABORATORY,B,1.5
22031A0409,R201238,BASIC ELECTRICAL ENGINEERING LABORATORY,B,1.5
22031A0410,R201201,MATHEMATICS-II,A+,3
22031A0410,R201207,APPLIED PHYSICS,A,3
22031A0410,R201212,OBJECT ORIENTED PROGRAMMING THROUGH JAVA,C,3
22031A0410,R201213,NETWORK ANALYSIS,B,3
22031A0410,R201214,BASIC ELECTRICAL ENGINEERING,A,3
22031A0410,R201230,ENVIRONMENTAL SCIENCE,COMPLE,0
22031A0410,R201233,APPLIED PHYSICS LABORATORY,A+,1.5
22031A0410,R201237,ELECTRONIC WORKSHOP LABORATORY,A,1.5
22031A0410,R201238,BASIC ELECTRICAL ENGINEERING LABORATORY,A+,1.5
22031A0412,R201201,MATHEMATICS-II,B,3
22031A0412,R201207,APPLIED PHYSICS,B,3
22031A0412,R201212,OBJECT ORIENTED PROGRAMMING THROUGH JAVA,B,3
22031A0412,R201213,NETWORK ANALYSIS,E,3
22031A0412,R201214,BASIC ELECTRICAL ENGINEERING,C,3
22031A0412,R201230,ENVIRONMENTAL SCIENCE,COMPLE,0
22031A0412,R201233,APPLIED PHYSICS LABORATORY,A,1.5
22031A0412,R201237,ELECTRONIC WORKSHOP LABORATORY,A,1.5
22031A0412,R201238,BASIC ELECTRICAL ENGINEERING LABORATORY,B,1.5
22031A0413,R201201,MATHEMATICS-II,B,3
22031A0413,R201207,APPLIED PHYSICS,F,0
22031A0413,R201212,OBJECT ORIENTED PROGRAMMING THROUGH JAVA,E,3
22031A0413,R201213,NETWORK ANALYSIS,E,3
22031A0413,R201214,BASIC ELECTRICAL ENGINEERING,E,3
22031A0413,R201230,ENVIRONMENTAL SCIENCE,COMPLE,0
22031A0413,R201233,APPLIED PHYSICS LABORATORY,A,1.5
22031A0413,R201237,ELECTRONIC WORKSHOP LABORATORY,B,1.5
22031A0413,R201238,BASIC ELECTRICAL ENGINEERING LABORATORY,B,1.5
22031A0415,R201201,MATHEMATICS-II,E,3
22031A0415,R201207,APPLIED PHYSICS,F,0
22031A0415,R201212,OBJECT ORIENTED PROGRAMMING THROUGH JAVA,E,3
22031A0415,R201213,NETWORK ANALYSIS,F,0
22031A0415,R201214,BASIC ELECTRICAL ENGINEERING,E,3
22031A0415,R201230,ENVIRONMENTAL SCIENCE,COMPLE,0
22031A0415,R201233,APPLIED PHYSICS LABORATORY,A+,1.5
22031A0415,R201237,ELECTRONIC WORKSHOP LABORATORY,B,1.5
22031A0415,R201238,BASIC ELECTRICAL ENGINEERING LABORATORY,A,1.5
22031A0416,R201201,MATHEMATICS-II,A,3
22031A0416,R201207,APPLIED PHYSICS,C,3
22031A0416,R201212,OBJECT ORIENTED PROGRAMMING THROUGH JAVA,D,3
22031A0416,R201213,NETWORK ANALYSIS,D,3
22031A0416,R201214,BASIC ELECTRICAL ENGINEERING,C,3
22031A0416,R201230,ENVIRONMENTAL SCIENCE,COMPLE,0
22031A0416,R201233,APPLIED PHYSICS LABORATORY,A+,1.5
22031A0416,R201237,ELECTRONIC WORKSHOP LABORATORY,B,1.5
22031A0416,R201238,BASIC ELECTRICAL ENGINEERING LABORATORY,A+,1.5
22031A0417,R201201,MATHEMATICS-II,E,3
22031A0417,R201207,APPLIED PHYSICS,F,0
22031A0417,R201212,OBJECT ORIENTED PROGRAMMING THROUGH JAVA,E,3
22031A0417,R201213,NETWORK ANALYSIS,F,0
22031A0417,R201214,BASIC ELECTRICAL ENGINEERING,F,0
22031A0417,R201230,ENVIRONMENTAL SCIENCE,COMPLE,0
22031A0417,R201233,APPLIED PHYSICS LABORATORY,A,1.5
22031A0417,R201237,ELECTRONIC WORKSHOP LABORATORY,C,1.5
22031A0417,R201238,BASIC ELECTRICAL ENGINEERING LABORATORY,C,1.5
22031A0418,R201201,MATHEMATICS-II,E,3
22031A0418,R201207,APPLIED PHYSICS,E,3
22031A0418,R201212,OBJECT ORIENTED PROGRAMMING THROUGH JAVA,E,3
22031A0418,R201213,NETWORK ANALYSIS,E,3
22031A0418,R201214,BASIC ELECTRICAL ENGINEERING,E,3
22031A0418,R201230,ENVIRONMENTAL SCIENCE,COMPLE,0
22031A0418,R201233,APPLIED PHYSICS LABORATORY,B,1.5
22031A0418,R201237,ELECTRONIC WORKSHOP LABORATORY,C,1.5
22031A0418,R201238,BASIC ELECTRICAL ENGINEERING LABORATORY,B,1.5
22031A0419,R201201,MATHEMATICS-II,E,3
22031A0419,R201207,APPLIED PHYSICS,D,3
22031A0419,R201212,OBJECT ORIENTED PROGRAMMING THROUGH JAVA,E,3
22031A0419,R201213,NETWORK ANALYSIS,D,3
22031A0419,R201214,BASIC ELECTRICAL ENGINEERING,E,3
22031A0419,R201230,ENVIRONMENTAL SCIENCE,COMPLE,0
22031A0419,R201233,APPLIED PHYSICS LABORATORY,A+,1.5
22031A0419,R201237,ELECTRONIC WORKSHOP LABORATORY,A,1.5
22031A0419,R201238,BASIC ELECTRICAL ENGINEERING LABORATORY,C,1.5
22031A0420,R201201,MATHEMATICS-II,A,3
22031A0420,R201207,APPLIED PHYSICS,A,3
22031A0420,R201212,OBJECT ORIENTED PROGRAMMING THROUGH JAVA,C,3
22031A0420,R201213,NETWORK ANALYSIS,C,3
22031A0420,R201214,BASIC ELECTRICAL ENGINEERING,C,3
22031A0420,R201230,ENVIRONMENTAL SCIENCE,COMPLE,0
22031A0420,R201233,APPLIED PHYSICS LABORATORY,A+,1.5
22031A0420,R201237,ELECTRONIC WORKSHOP LABORATORY,A,1.5
22031A0420,R201238,BASIC ELECTRICAL ENGINEERING LABORATORY,A+,1.5
22031A0421,R201201,MATHEMATICS-II,B,3
22031A0421,R201207,APPLIED PHYSICS,B,3
22031A0421,R201212,OBJECT ORIENTED PROGRAMMING THROUGH JAVA,D,3
22031A0421,R201213,NETWORK ANALYSIS,D,3
22031A0421,R201214,BASIC ELECTRICAL ENGINEERING,A,3
22031A0421,R201230,ENVIRONMENTAL SCIENCE,COMPLE,0
22031A0421,R201233,APPLIED PHYSICS LABORATORY,A,1.5
22031A0421,R201237,ELECTRONIC WORKSHOP LABORATORY,A,1.5
22031A0421,R201238,BASIC ELECTRICAL ENGINEERING LABORATORY,A,1.5
22031A0422,R201201,MATHEMATICS-II,E,3
22031A0422,R201207,APPLIED PHYSICS,E,3
22031A0422,R201212,OBJECT ORIENTED PROGRAMMING THROUGH JAVA,E,3
22031A0422,R201213,NETWORK ANALYSIS,D,3
22031A0422,R201214,BASIC ELECTRICAL ENGINEERING,E,3
22031A0422,R201230,ENVIRONMENTAL SCIENCE,COMPLE,0
22031A0422,R201233,APPLIED PHYSICS LABORATORY,A,1.5
22031A0422,R201237,ELECTRONIC WORKSHOP LABORATORY,D,1.5
22031A0422,R201238,BASIC ELECTRICAL ENGINEERING LABORATORY,C,1.5
22031A0423,R201201,MATHEMATICS-II,E,3
22031A0423,R201207,APPLIED PHYSICS,F,0
22031A0423,R201212,OBJECT ORIENTED PROGRAMMING THROUGH JAVA,D,3
22031A0423,R201213,NETWORK ANALYSIS,F,0
22031A0423,R201214,BASIC ELECTRICAL ENGINEERING,E,3
22031A0423,R201230,ENVIRONMENTAL SCIENCE,COMPLE,0
22031A0423,R201233,APPLIED PHYSICS LABORATORY,A+,1.5
22031A0423,R201237,ELECTRONIC WORKSHOP LABORATORY,B,1.5
22031A0423,R201238,BASIC ELECTRICAL ENGINEERING LABORATORY,B,1.5
22031A0424,R201201,MATHEMATICS-II,D,3
22031A0424,R201207,APPLIED PHYSICS,E,3
22031A0424,R201212,OBJECT ORIENTED PROGRAMMING THROUGH JAVA,E,3
22031A0424,R201213,NETWORK ANALYSIS,E,3
22031A0424,R201214,BASIC ELECTRICAL ENGINEERING,E,3
22031A0424,R201230,ENVIRONMENTAL SCIENCE,COMPLE,0
22031A0424,R201233,APPLIED PHYSICS LABORATORY,A+,1.5
22031A0424,R201237,ELECTRONIC WORKSHOP LABORATORY,C,1.5
22031A0424,R201238,BASIC ELECTRICAL ENGINEERING LABORATORY,C,1.5
22031A0425,R201201,MATHEMATICS-II,E,3
22031A0425,R201207,APPLIED PHYSICS,D,3
22031A0425,R201212,OBJECT ORIENTED PROGRAMMING THROUGH JAVA,D,3
22031A0425,R201213,NETWORK ANALYSIS,D,3
22031A0425,R201214,BASIC ELECTRICAL ENGINEERING,E,3
22031A0425,R201230,ENVIRONMENTAL SCIENCE,COMPLE,0
22031A0425,R201233,APPLIED PHYSICS LABORATORY,A,1.5
22031A0425,R201237,ELECTRONIC WORKSHOP LABORATORY,C,1.5
22031A0425,R201238,BASIC ELECTRICAL ENGINEERING LABORATORY,B,1.5
22031A0426,R201201,MATHEMATICS-II,D,3
22031A0426,R201207,APPLIED PHYSICS,E,3
22031A0426,R201212,OBJECT ORIENTED PROGRAMMING THROUGH JAVA,E,3
22031A0426,R201213,NETWORK ANALYSIS,E,3
22031A0426,R201214,BASIC ELECTRICAL ENGINEERING,E,3
22031A0426,R201230,ENVIRONMENTAL SCIENCE,COMPLE,0
22031A0426,R201233,APPLIED PHYSICS LABORATORY,A,1.5
22031A0426,R201237,ELECTRONIC WORKSHOP LABORATORY,C,1.5
22031A0426,R201238,BASIC ELECTRICAL ENGINEERING LABORATORY,B,1.5
22031A0427,R201201,MATHEMATICS-II,E,3
22031A0427,R201207,APPLIED PHYSICS,D,3
22031A0427,R201212,OBJECT ORIENTED PROGRAMMING THROUGH JAVA,E,3
22031A0427,R201213,NETWORK ANALYSIS,D,3
22031A0427,R201214,BASIC ELECTRICAL ENGINEERING,E,3
22031A0427,R201230,ENVIRONMENTAL SCIENCE,COMPLE,0
22031A0427,R201233,APPLIED PHYSICS LABORATORY,A,1.5
22031A0427,R201237,ELECTRONIC WORKSHOP LABORATORY,B,1.5
22031A0427,R201238,BASIC ELECTRICAL ENGINEERING LABORATORY,B,1.5
22031A0428,R201201,MATHEMATICS-II,A+,3
22031A0428,R201207,APPLIED PHYSICS,D,3
22031A0428,R201212,OBJECT ORIENTED PROGRAMMING THROUGH JAVA,D,3
22031A0428,R201213,NETWORK ANALYSIS,E,3
22031A0428,R201214,BASIC ELECTRICAL ENGINEERING,D,3
22031A0428,R201230,ENVIRONMENTAL SCIENCE,COMPLE,0
22031A0428,R201233,APPLIED PHYSICS LABORATORY,A+,1.5
22031A0428,R201237,ELECTRONIC WORKSHOP LABORATORY,B,1.5
22031A0428,R201238,BASIC ELECTRICAL ENGINEERING LABORATORY,A,1.5
22031A0429,R201201,MATHEMATICS-II,D,3
22031A0429,R201207,APPLIED PHYSICS,F,0
22031A0429,R201212,OBJECT ORIENTED PROGRAMMING THROUGH JAVA,D,3
22031A0429,R201213,NETWORK ANALYSIS,E,3
22031A0429,R201214,BASIC ELECTRICAL ENGINEERING,E,3
22031A0429,R201230,ENVIRONMENTAL SCIENCE,COMPLE,0
22031A0429,R201233,APPLIED PHYSICS LABORATORY,A,1.5
22031A0429,R201237,ELECTRONIC WORKSHOP LABORATORY,B,1.5
22031A0429,R201238,BASIC ELECTRICAL ENGINEERING LABORATORY,C,1.5
22031A0430,R201201,MATHEMATICS-II,D,3
22031A0430,R201207,APPLIED PHYSICS,E,3
22031A0430,R201212,OBJECT ORIENTED PROGRAMMING THROUGH JAVA,D,3
22031A0430,R201213,NETWORK ANALYSIS,D,3
22031A0430,R201214,BASIC ELECTRICAL ENGINEERING,E,3
22031A0430,R201230,ENVIRONMENTAL SCIENCE,COMPLE,0
22031A0430,R201233,APPLIED PHYSICS LABORATORY,A,1.5
22031A0430,R201237,ELECTRONIC WORKSHOP LABORATORY,B,1.5
22031A0430,R201238,BASIC ELECTRICAL ENGINEERING LABORATORY,B,1.5
22031A0431,R201201,MATHEMATICS-II,E,3
22031A0431,R201207,APPLIED PHYSICS,E,3
22031A0431,R201212,OBJECT ORIENTED PROGRAMMING THROUGH JAVA,E,3
22031A0431,R201213,NETWORK ANALYSIS,F,0
22031A0431,R201214,BASIC ELECTRICAL ENGINEERING,E,3
22031A0431,R201230,ENVIRONMENTAL SCIENCE,COMPLE,0
22031A0431,R201233,APPLIED PHYSICS LABORATORY,A,1.5
22031A0431,R201237,ELECTRONIC WORKSHOP LABORATORY,C,1.5
22031A0431,R201238,BASIC ELECTRICAL ENGINEERING LABORATORY,C,1.5
22031A0432,R201201,MATHEMATICS-II,E,3
22031A0432,R201207,APPLIED PHYSICS,E,3
22031A0432,R201212,OBJECT ORIENTED PROGRAMMING THROUGH JAVA,F,0
22031A0432,R201213,NETWORK ANALYSIS,F,0
22031A0432,R201214,BASIC ELECTRICAL ENGINEERING,E,3
22031A0432,R201230,ENVIRONMENTAL SCIENCE,COMPLE,0
22031A0432,R201233,APPLIED PHYSICS LABORATORY,A,1.5
22031A0432,R201237,ELECTRONIC WORKSHOP LABORATORY,B,1.5
22031A0432,R201238,BASIC ELECTRICAL ENGINEERING LABORATORY,B,1.5
22031A0433,R201201,MATHEMATICS-II,D,3
22031A0433,R201207,APPLIED PHYSICS,B,3
22031A0433,R201212,OBJECT ORIENTED PROGRAMMING THROUGH JAVA,C,3
22031A0433,R201213,NETWORK ANALYSIS,D,3
22031A0433,R201214,BASIC ELECTRICAL ENGINEERING,D,3
22031A0433,R201230,ENVIRONMENTAL SCIENCE,COMPLE,0
22031A0433,R201233,APPLIED PHYSICS LABORATORY,A+,1.5
22031A0433,R201237,ELECTRONIC WORKSHOP LABORATORY,B,1.5
22031A0433,R201238,BASIC ELECTRICAL ENGINEERING LABORATORY,B,1.5
22031A0434,R201201,MATHEMATICS-II,D,3
22031A0434,R201207,APPLIED PHYSICS,E,3
22031A0434,R201212,OBJECT ORIENTED PROGRAMMING THROUGH JAVA,E,3
22031A0434,R201213,NETWORK ANALYSIS,E,3
22031A0434,R201214,BASIC ELECTRICAL ENGINEERING,E,3
22031A0434,R201230,ENVIRONMENTAL SCIENCE,COMPLE,0
22031A0434,R201233,APPLIED PHYSICS LABORATORY,A,1.5
22031A0434,R201237,ELECTRONIC WORKSHOP LABORATORY,E,1.5
22031A0434,R201238,BASIC ELECTRICAL ENGINEERING LABORATORY,B,1.5
22031A0435,R201201,MATHEMATICS-II,C,3
22031A0435,R201207,APPLIED PHYSICS,C,3
22031A0435,R201212,OBJECT ORIENTED PROGRAMMING THROUGH JAVA,D,3
22031A0435,R201213,NETWORK ANALYSIS,D,3
22031A0435,R201214,BASIC ELECTRICAL ENGINEERING,E,3
22031A0435,R201230,ENVIRONMENTAL SCIENCE,COMPLE,0
22031A0435,R201233,APPLIED PHYSICS LABORATORY,A+,1.5
22031A0435,R201237,ELECTRONIC WORKSHOP LABORATORY,B,1.5
22031A0435,R201238,BASIC ELECTRICAL ENGINEERING LABORATORY,A,1.5
22031A0436,R201201,MATHEMATICS-II,B,3
22031A0436,R201207,APPLIED PHYSICS,C,3
22031A0436,R201212,OBJECT ORIENTED PROGRAMMING THROUGH JAVA,E,3
22031A0436,R201213,NETWORK ANALYSIS,C,3
22031A0436,R201214,BASIC ELECTRICAL ENGINEERING,E,3
22031A0436,R201230,ENVIRONMENTAL SCIENCE,COMPLE,0
22031A0436,R201233,APPLIED PHYSICS LABORATORY,B,1.5
22031A0436,R201237,ELECTRONIC WORKSHOP LABORATORY,B,1.5
22031A0436,R201238,BASIC ELECTRICAL ENGINEERING LABORATORY,D,1.5
22031A0437,R201201,MATHEMATICS-II,B,3
22031A0437,R201207,APPLIED PHYSICS,D,3
22031A0437,R201212,OBJECT ORIENTED PROGRAMMING THROUGH JAVA,C,3
22031A0437,R201213,NETWORK ANALYSIS,C,3
22031A0437,R201214,BASIC ELECTRICAL ENGINEERING,D,3
22031A0437,R201230,ENVIRONMENTAL SCIENCE,COMPLE,0
22031A0437,R201233,APPLIED PHYSICS LABORATORY,A,1.5
22031A0437,R201237,ELECTRONIC WORKSHOP LABORATORY,A,1.5
22031A0437,R201238,BASIC ELECTRICAL ENGINEERING LABORATORY,B,1.5
22031A0438,R201201,MATHEMATICS-II,B,3
22031A0438,R201207,APPLIED PHYSICS,D,3
22031A0438,R201212,OBJECT ORIENTED PROGRAMMING THROUGH JAVA,C,3
22031A0438,R201213,NETWORK ANALYSIS,E,3
22031A0438,R201214,BASIC ELECTRICAL ENGINEERING,D,3
22031A0438,R201230,ENVIRONMENTAL SCIENCE,COMPLE,0
22031A0438,R201233,APPLIED PHYSICS LABORATORY,A+,1.5
22031A0438,R201237,ELECTRONIC WORKSHOP LABORATORY,A,1.5
22031A0438,R201238,BASIC ELECTRICAL ENGINEERING LABORATORY,A+,1.5
22031A0439,R201201,MATHEMATICS-II,F,0
22031A0439,R201207,APPLIED PHYSICS,F,0
22031A0439,R201212,OBJECT ORIENTED PROGRAMMING THROUGH JAVA,F,0
22031A0439,R201213,NETWORK ANALYSIS,F,0
22031A0439,R201214,BASIC ELECTRICAL ENGINEERING,E,3
22031A0439,R201230,ENVIRONMENTAL SCIENCE,COMPLE,0
22031A0439,R201233,APPLIED PHYSICS LABORATORY,A+,1.5
22031A0439,R201237,ELECTRONIC WORKSHOP LABORATORY,C,1.5
22031A0439,R201238,BASIC ELECTRICAL ENGINEERING LABORATORY,D,1.5
22031A0440,R201201,MATHEMATICS-II,C,3
22031A0440,R201207,APPLIED PHYSICS,B,3
22031A0440,R201212,OBJECT ORIENTED PROGRAMMING THROUGH JAVA,D,3
22031A0440,R201213,NETWORK ANALYSIS,C,3
22031A0440,R201214,BASIC ELECTRICAL ENGINEERING,C,3
22031A0440,R201230,ENVIRONMENTAL SCIENCE,COMPLE,0
22031A0440,R201233,APPLIED PHYSICS LABORATORY,A+,1.5
22031A0440,R201237,ELECTRONIC WORKSHOP LABORATORY,B,1.5
22031A0440,R201238,BASIC ELECTRICAL ENGINEERING LABORATORY,A+,1.5
22031A0441,R201201,MATHEMATICS-II,E,3
22031A0441,R201207,APPLIED PHYSICS,F,0
22031A0441,R201212,OBJECT ORIENTED PROGRAMMING THROUGH JAVA,D,3
22031A0441,R201213,NETWORK ANALYSIS,E,3
22031A0441,R201214,BASIC ELECTRICAL ENGINEERING,E,3
22031A0441,R201230,ENVIRONMENTAL SCIENCE,COMPLE,0
22031A0441,R201233,APPLIED PHYSICS LABORATORY,A+,1.5
22031A0441,R201237,ELECTRONIC WORKSHOP LABORATORY,A,1.5
22031A0441,R201238,BASIC ELECTRICAL ENGINEERING LABORATORY,B,1.5
22031A0442,R201201,MATHEMATICS-II,C,3
22031A0442,R201207,APPLIED PHYSICS,D,3
22031A0442,R201212,OBJECT ORIENTED PROGRAMMING THROUGH JAVA,D,3
22031A0442,R201213,NETWORK ANALYSIS,D,3
22031A0442,R201214,BASIC ELECTRICAL ENGINEERING,E,3
22031A0442,R201230,ENVIRONMENTAL SCIENCE,COMPLE,0
22031A0442,R201233,APPLIED PHYSICS LABORATORY,A+,1.5
22031A0442,R201237,ELECTRONIC WORKSHOP LABORATORY,A,1.5
22031A0442,R201238,BASIC ELECTRICAL ENGINEERING LABORATORY,A,1.5
22031A0443,R201201,MATHEMATICS-II,C,3
22031A0443,R201207,APPLIED PHYSICS,D,3
22031A0443,R201212,OBJECT ORIENTED PROGRAMMING THROUGH JAVA,D,3
22031A0443,R201213,NETWORK ANALYSIS,C,3
22031A0443,R201214,BASIC ELECTRICAL ENGINEERING,E,3
22031A0443,R201230,ENVIRONMENTAL SCIENCE,COMPLE,0
22031A0443,R201233,APPLIED PHYSICS LABORATORY,A+,1.5
22031A0443,R201237,ELECTRONIC WORKSHOP LABORATORY,A,1.5
22031A0443,R201238,BASIC ELECTRICAL ENGINEERING LABORATORY,C,1.5
22031A0444,R201201,MATHEMATICS-II,A+,3
22031A0444,R201207,APPLIED PHYSICS,B,3
22031A0444,R201212,OBJECT ORIENTED PROGRAMMING THROUGH JAVA,D,3
22031A0444,R201213,NETWORK ANALYSIS,C,3
22031A0444,R201214,BASIC ELECTRICAL ENGINEERING,D,3
22031A0444,R201230,ENVIRONMENTAL SCIENCE,COMPLE,0
22031A0444,R201233,APPLIED PHYSICS LABORATORY,A+,1.5
22031A0444,R201237,ELECTRONIC WORKSHOP LABORATORY,A,1.5
22031A0444,R201238,BASIC ELECTRICAL ENGINEERING LABORATORY,A,1.5
22031A0445,R201201,MATHEMATICS-II,D,3
22031A0445,R201207,APPLIED PHYSICS,B,3
22031A0445,R201212,OBJECT ORIENTED PROGRAMMING THROUGH JAVA,B,3
22031A0445,R201213,NETWORK ANALYSIS,C,3
22031A0445,R201214,BASIC ELECTRICAL ENGINEERING,C,3
22031A0445,R201230,ENVIRONMENTAL SCIENCE,COMPLE,0
22031A0445,R201233,APPLIED PHYSICS LABORATORY,A,1.5
22031A0445,R201237,ELECTRONIC WORKSHOP LABORATORY,A,1.5
22031A0445,R201238,BASIC ELECTRICAL ENGINEERING LABORATORY,B,1.5
22031A0446,R201201,MATHEMATICS-II,B,3
22031A0446,R201207,APPLIED PHYSICS,B,3
22031A0446,R201212,OBJECT ORIENTED PROGRAMMING THROUGH JAVA,C,3
22031A0446,R201213,NETWORK ANALYSIS,E,3
22031A0446,R201214,BASIC ELECTRICAL ENGINEERING,D,3
22031A0446,R201230,ENVIRONMENTAL SCIENCE,COMPLE,0
22031A0446,R201233,APPLIED PHYSICS LABORATORY,A+,1.5
22031A0446,R201237,ELECTRONIC WORKSHOP LABORATORY,A,1.5
22031A0446,R201238,BASIC ELECTRICAL ENGINEERING LABORATORY,A,1.5
22031A0447,R201201,MATHEMATICS-II,E,3
22031A0447,R201207,APPLIED PHYSICS,B,3
22031A0447,R201212,OBJECT ORIENTED PROGRAMMING THROUGH JAVA,E,3
22031A0447,R201213,NETWORK ANALYSIS,E,3
22031A0447,R201214,BASIC ELECTRICAL ENGINEERING,D,3
22031A0447,R201230,ENVIRONMENTAL SCIENCE,COMPLE,0
22031A0447,R201233,APPLIED PHYSICS LABORATORY,A,1.5
22031A0447,R201237,ELECTRONIC WORKSHOP LABORATORY,B,1.5
22031A0447,R201238,BASIC ELECTRICAL ENGINEERING LABORATORY,B,1.5
22031A0448,R201201,MATHEMATICS-II,B,3
22031A0448,R201207,APPLIED PHYSICS,B,3
22031A0448,R201212,OBJECT ORIENTED PROGRAMMING THROUGH JAVA,D,3
22031A0448,R201213,NETWORK ANALYSIS,C,3
22031A0448,R201214,BASIC ELECTRICAL ENGINEERING,C,3
22031A0448,R201230,ENVIRONMENTAL SCIENCE,COMPLE,0
22031A0448,R201233,APPLIED PHYSICS LABORATORY,A+,1.5
22031A0448,R201237,ELECTRONIC WORKSHOP LABORATORY,B,1.5
22031A0448,R201238,BASIC ELECTRICAL ENGINEERING LABORATORY,A,1.5
22031A0449,R201201,MATHEMATICS-II,E,3
22031A0449,R201207,APPLIED PHYSICS,C,3
22031A0449,R201212,OBJECT ORIENTED PROGRAMMING THROUGH JAVA,D,3
22031A0449,R201213,NETWORK ANALYSIS,E,3
22031A0449,R201214,BASIC ELECTRICAL ENGINEERING,E,3
22031A0449,R201230,ENVIRONMENTAL SCIENCE,COMPLE,0
22031A0449,R201233,APPLIED PHYSICS LABORATORY,A+,1.5
22031A0449,R201237,ELECTRONIC WORKSHOP LABORATORY,B,1.5
22031A0449,R201238,BASIC ELECTRICAL ENGINEERING LABORATORY,B,1.5
22031A0450,R201201,MATHEMATICS-II,B,3
22031A0450,R201207,APPLIED PHYSICS,C,3
22031A0450,R201212,OBJECT ORIENTED PROGRAMMING THROUGH JAVA,D,3
22031A0450,R201213,NETWORK ANALYSIS,D,3
22031A0450,R201214,BASIC ELECTRICAL ENGINEERING,D,3
22031A0450,R201230,ENVIRONMENTAL SCIENCE,COMPLE,0
22031A0450,R201233,APPLIED PHYSICS LABORATORY,A+,1.5
22031A0450,R201237,ELECTRONIC WORKSHOP LABORATORY,A,1.5
22031A0450,R201238,BASIC ELECTRICAL ENGINEERING LABORATORY,B,1.5
22031A0452,R201201,MATHEMATICS-II,E,3
22031A0452,R201207,APPLIED PHYSICS,C,3
22031A0452,R201212,OBJECT ORIENTED PROGRAMMING THROUGH JAVA,E,3
22031A0452,R201213,NETWORK ANALYSIS,E,3
22031A0452,R201214,BASIC ELECTRICAL ENGINEERING,D,3
22031A0452,R201230,ENVIRONMENTAL SCIENCE,COMPLE,0
22031A0452,R201233,APPLIED PHYSICS LABORATORY,A,1.5
22031A0452,R201237,ELECTRONIC WORKSHOP LABORATORY,B,1.5
22031A0452,R201238,BASIC ELECTRICAL ENGINEERING LABORATORY,B,1.5
22031A0453,R201201,MATHEMATICS-II,A,3
22031A0453,R201207,APPLIED PHYSICS,C,3
22031A0453,R201212,OBJECT ORIENTED PROGRAMMING THROUGH JAVA,C,3
22031A0453,R201213,NETWORK ANALYSIS,B,3
22031A0453,R201214,BASIC ELECTRICAL ENGINEERING,B,3
22031A0453,R201230,ENVIRONMENTAL SCIENCE,COMPLE,0
22031A0453,R201233,APPLIED PHYSICS LABORATORY,A+,1.5
22031A0453,R201237,ELECTRONIC WORKSHOP LABORATORY,A,1.5
22031A0453,R201238,BASIC ELECTRICAL ENGINEERING LABORATORY,A,1.5
22031A0454,R201201,MATHEMATICS-II,D,3
22031A0454,R201207,APPLIED PHYSICS,E,3
22031A0454,R201212,OBJECT ORIENTED PROGRAMMING THROUGH JAVA,D,3
22031A0454,R201213,NETWORK ANALYSIS,E,3
22031A0454,R201214,BASIC ELECTRICAL ENGINEERING,E,3
22031A0454,R201230,ENVIRONMENTAL SCIENCE,COMPLE,0
22031A0454,R201233,APPLIED PHYSICS LABORATORY,A+,1.5
22031A0454,R201237,ELECTRONIC WORKSHOP LABORATORY,B,1.5
22031A0454,R201238,BASIC ELECTRICAL ENGINEERING LABORATORY,B,1.5
22031A0455,R201201,MATHEMATICS-II,A,3
22031A0455,R201207,APPLIED PHYSICS,C,3
22031A0455,R201212,OBJECT ORIENTED PROGRAMMING THROUGH JAVA,D,3
22031A0455,R201213,NETWORK ANALYSIS,C,3
22031A0455,R201214,BASIC ELECTRICAL ENGINEERING,D,3
22031A0455,R201230,ENVIRONMENTAL SCIENCE,COMPLE,0
22031A0455,R201233,APPLIED PHYSICS LABORATORY,A+,1.5
22031A0455,R201237,ELECTRONIC WORKSHOP LABORATORY,B,1.5
22031A0455,R201238,BASIC ELECTRICAL ENGINEERING LABORATORY,A,1.5
22031A0456,R201201,MATHEMATICS-II,C,3
22031A0456,R201207,APPLIED PHYSICS,E,3
22031A0456,R201212,OBJECT ORIENTED PROGRAMMING THROUGH JAVA,E,3
22031A0456,R201213,NETWORK ANALYSIS,E,3
22031A0456,R201214,BASIC ELECTRICAL ENGINEERING,E,3
22031A0456,R201230,ENVIRONMENTAL SCIENCE,COMPLE,0
22031A0456,R201233,APPLIED PHYSICS LABORATORY,A+,1.5
22031A0456,R201237,ELECTRONIC WORKSHOP LABORATORY,B,1.5
22031A0456,R201238,BASIC ELECTRICAL ENGINEERING LABORATORY,A,1.5
22031A0457,R201201,MATHEMATICS-II,A+,3
22031A0457,R201207,APPLIED PHYSICS,B,3
22031A0457,R201212,OBJECT ORIENTED PROGRAMMING THROUGH JAVA,C,3
22031A0457,R201213,NETWORK ANALYSIS,C,3
22031A0457,R201214,BASIC ELECTRICAL ENGINEERING,C,3
22031A0457,R201230,ENVIRONMENTAL SCIENCE,COMPLE,0
22031A0457,R201233,APPLIED PHYSICS LABORATORY,A+,1.5
22031A0457,R201237,ELECTRONIC WORKSHOP LABORATORY,A,1.5
22031A0457,R201238,BASIC ELECTRICAL ENGINEERING LABORATORY,A+,1.5
22031A0458,R201201,MATHEMATICS-II,E,3
22031A0458,R201207,APPLIED PHYSICS,F,0
22031A0458,R201212,OBJECT ORIENTED PROGRAMMING THROUGH JAVA,E,3
22031A0458,R201213,NETWORK ANALYSIS,E,3
22031A0458,R201214,BASIC ELECTRICAL ENGINEERING,C,3
22031A0458,R201230,ENVIRONMENTAL SCIENCE,COMPLE,0
22031A0458,R201233,APPLIED PHYSICS LABORATORY,A+,1.5
22031A0458,R201237,ELECTRONIC WORKSHOP LABORATORY,A,1.5
22031A0458,R201238,BASIC ELECTRICAL ENGINEERING LABORATORY,B,1.5
22031A0460,R201201,MATHEMATICS-II,D,3
22031A0460,R201207,APPLIED PHYSICS,E,3
22031A0460,R201212,OBJECT ORIENTED PROGRAMMING THROUGH JAVA,E,3
22031A0460,R201213,NETWORK ANALYSIS,E,3
22031A0460,R201214,BASIC ELECTRICAL ENGINEERING,E,3
22031A0460,R201230,ENVIRONMENTAL SCIENCE,COMPLE,0
22031A0460,R201233,APPLIED PHYSICS LABORATORY,A+,1.5
22031A0460,R201237,ELECTRONIC WORKSHOP LABORATORY,A,1.5
22031A0460,R201238,BASIC ELECTRICAL ENGINEERING LABORATORY,B,1.5
22031A0501,R201201,MATHEMATICS-II,D,3
22031A0501,R201215,APPLIED CHEMISTRY,E,3
22031A0501,R201216,COMPUTER ORGANIZATION,D,3
22031A0501,R201218,DATA STRUCTURES,D,3
22031A0501,R201225,PYTHON PROGRAMMING,E,3
22031A0501,R201228,ENVIRONMENTAL SCIENCE,COMPLE,0
22031A0501,R201239,APPLIED CHEMISTRY LABORATORY,D,1.5
22031A0501,R201241,DATA STRUCTURES LABORATORY,A,1.5
22031A0501,R201250,PYTHON PROGRAMMING LABORATORY,A+,1.5
22031A0502,R201201,MATHEMATICS-II,B,3
22031A0502,R201215,APPLIED CHEMISTRY,D,3
22031A0502,R201216,COMPUTER ORGANIZATION,C,3
22031A0502,R201218,DATA STRUCTURES,B,3
22031A0502,R201225,PYTHON PROGRAMMING,B,3
22031A0502,R201228,ENVIRONMENTAL SCIENCE,COMPLE,0
22031A0502,R201239,APPLIED CHEMISTRY LABORATORY,A+,1.5
22031A0502,R201241,DATA STRUCTURES LABORATORY,A+,1.5
22031A0502,R201250,PYTHON PROGRAMMING LABORATORY,A+,1.5
22031A0503,R201201,MATHEMATICS-II,D,3
22031A0503,R201215,APPLIED CHEMISTRY,D,3
22031A0503,R201216,COMPUTER ORGANIZATION,E,3
22031A0503,R201218,DATA STRUCTURES,D,3
22031A0503,R201225,PYTHON PROGRAMMING,E,3
22031A0503,R201228,ENVIRONMENTAL SCIENCE,COMPLE,0
22031A0503,R201239,APPLIED CHEMISTRY LABORATORY,C,1.5
22031A0503,R201241,DATA STRUCTURES LABORATORY,A,1.5
22031A0503,R201250,PYTHON PROGRAMMING LABORATORY,A,1.5
22031A0504,R201201,MATHEMATICS-II,D,3
22031A0504,R201215,APPLIED CHEMISTRY,B,3
22031A0504,R201216,COMPUTER ORGANIZATION,B,3
22031A0504,R201218,DATA STRUCTURES,D,3
22031A0504,R201225,PYTHON PROGRAMMING,B,3
22031A0504,R201228,ENVIRONMENTAL SCIENCE,COMPLE,0
22031A0504,R201239,APPLIED CHEMISTRY LABORATORY,A+,1.5
22031A0504,R201241,DATA STRUCTURES LABORATORY,A,1.5
22031A0504,R201250,PYTHON PROGRAMMING LABORATORY,A,1.5
22031A0505,R201201,MATHEMATICS-II,A,3
22031A0505,R201215,APPLIED CHEMISTRY,D,3
22031A0505,R201216,COMPUTER ORGANIZATION,E,3
22031A0505,R201218,DATA STRUCTURES,B,3
22031A0505,R201225,PYTHON PROGRAMMING,D,3
22031A0505,R201228,ENVIRONMENTAL SCIENCE,COMPLE,0
22031A0505,R201239,APPLIED CHEMISTRY LABORATORY,A+,1.5
22031A0505,R201241,DATA STRUCTURES LABORATORY,A,1.5
22031A0505,R201250,PYTHON PROGRAMMING LABORATORY,A+,1.5
22031A0506,R201201,MATHEMATICS-II,A+,3
22031A0506,R201215,APPLIED CHEMISTRY,A,3
22031A0506,R201216,COMPUTER ORGANIZATION,A,3
22031A0506,R201218,DATA STRUCTURES,C,3
22031A0506,R201225,PYTHON PROGRAMMING,A+,3
22031A0506,R201228,ENVIRONMENTAL SCIENCE,COMPLE,0
22031A0506,R201239,APPLIED CHEMISTRY LABORATORY,A+,1.5
22031A0506,R201241,DATA STRUCTURES LABORATORY,A+,1.5
22031A0506,R201250,PYTHON PROGRAMMING LABORATORY,A+,1.5
22031A0507,R201201,MATHEMATICS-II,C,3
22031A0507,R201215,APPLIED CHEMISTRY,A,3
22031A0507,R201216,COMPUTER ORGANIZATION,C,3
22031A0507,R201218,DATA STRUCTURES,C,3
22031A0507,R201225,PYTHON PROGRAMMING,C,3
22031A0507,R201228,ENVIRONMENTAL SCIENCE,COMPLE,0
22031A0507,R201239,APPLIED CHEMISTRY LABORATORY,A,1.5
22031A0507,R201241,DATA STRUCTURES LABORATORY,A,1.5
22031A0507,R201250,PYTHON PROGRAMMING LABORATORY,A+,1.5
22031A0508,R201201,MATHEMATICS-II,D,3
22031A0508,R201215,APPLIED CHEMISTRY,E,3
22031A0508,R201216,COMPUTER ORGANIZATION,C,3
22031A0508,R201218,DATA STRUCTURES,D,3
22031A0508,R201225,PYTHON PROGRAMMING,E,3
22031A0508,R201228,ENVIRONMENTAL SCIENCE,COMPLE,0
22031A0508,R201239,APPLIED CHEMISTRY LABORATORY,A,1.5
22031A0508,R201241,DATA STRUCTURES LABORATORY,A,1.5
22031A0508,R201250,PYTHON PROGRAMMING LABORATORY,A+,1.5
22031A0509,R201201,MATHEMATICS-II,A,3
22031A0509,R201215,APPLIED CHEMISTRY,B,3
22031A0509,R201216,COMPUTER ORGANIZATION,D,3
22031A0509,R201218,DATA STRUCTURES,C,3
22031A0509,R201225,PYTHON PROGRAMMING,E,3
22031A0509,R201228,ENVIRONMENTAL SCIENCE,COMPLE,0
22031A0509,R201239,APPLIED CHEMISTRY LABORATORY,B,1.5
22031A0509,R201241,DATA STRUCTURES LABORATORY,A,1.5
22031A0509,R201250,PYTHON PROGRAMMING LABORATORY,A+,1.5
22031A0510,R201201,MATHEMATICS-II,A,3
22031A0510,R201215,APPLIED CHEMISTRY,B,3
22031A0510,R201216,COMPUTER ORGANIZATION,A+,3
22031A0510,R201218,DATA STRUCTURES,B,3
22031A0510,R201225,PYTHON PROGRAMMING,A+,3
22031A0510,R201228,ENVIRONMENTAL SCIENCE,COMPLE,0
22031A0510,R201239,APPLIED CHEMISTRY LABORATORY,A,1.5
22031A0510,R201241,DATA STRUCTURES LABORATORY,A,1.5
22031A0510,R201250,PYTHON PROGRAMMING LABORATORY,A+,1.5
22031A0511,R201201,MATHEMATICS-II,E,3
22031A0511,R201215,APPLIED CHEMISTRY,F,0
22031A0511,R201216,COMPUTER ORGANIZATION,E,3
22031A0511,R201218,DATA STRUCTURES,C,3
22031A0511,R201225,PYTHON PROGRAMMING,D,3
22031A0511,R201228,ENVIRONMENTAL SCIENCE,COMPLE,0
22031A0511,R201239,APPLIED CHEMISTRY LABORATORY,B,1.5
22031A0511,R201241,DATA STRUCTURES LABORATORY,A,1.5
22031A0511,R201250,PYTHON PROGRAMMING LABORATORY,A,1.5
22031A0512,R201201,MATHEMATICS-II,E,3
22031A0512,R201215,APPLIED CHEMISTRY,D,3
22031A0512,R201216,COMPUTER ORGANIZATION,E,3
22031A0512,R201218,DATA STRUCTURES,D,3
22031A0512,R201225,PYTHON PROGRAMMING,E,3
22031A0512,R201228,ENVIRONMENTAL SCIENCE,COMPLE,0
22031A0512,R201239,APPLIED CHEMISTRY LABORATORY,A,1.5
22031A0512,R201241,DATA STRUCTURES LABORATORY,A,1.5
22031A0512,R201250,PYTHON PROGRAMMING LABORATORY,A+,1.5
22031A0513,R201201,MATHEMATICS-II,A,3
22031A0513,R201215,APPLIED CHEMISTRY,A+,3
22031A0513,R201216,COMPUTER ORGANIZATION,B,3
22031A0513,R201218,DATA STRUCTURES,B,3
22031A0513,R201225,PYTHON PROGRAMMING,C,3
22031A0513,R201228,ENVIRONMENTAL SCIENCE,COMPLE,0
22031A0513,R201239,APPLIED CHEMISTRY LABORATORY,A+,1.5
22031A0513,R201241,DATA STRUCTURES LABORATORY,A+,1.5
22031A0513,R201250,PYTHON PROGRAMMING LABORATORY,A+,1.5
22031A0514,R201201,MATHEMATICS-II,F,0
22031A0514,R201215,APPLIED CHEMISTRY,F,0
22031A0514,R201216,COMPUTER ORGANIZATION,F,0
22031A0514,R201218,DATA STRUCTURES,F,0
22031A0514,R201225,PYTHON PROGRAMMING,F,0
22031A0514,R201228,ENVIRONMENTAL SCIENCE,COMPLE,0
22031A0514,R201239,APPLIED CHEMISTRY LABORATORY,C,1.5
22031A0514,R201241,DATA STRUCTURES LABORATORY,B,1.5
22031A0514,R201250,PYTHON PROGRAMMING LABORATORY,A,1.5
22031A0515,R201201,MATHEMATICS-II,C,3
22031A0515,R201215,APPLIED CHEMISTRY,E,3
22031A0515,R201216,COMPUTER ORGANIZATION,E,3
22031A0515,R201218,DATA STRUCTURES,E,3
22031A0515,R201225,PYTHON PROGRAMMING,E,3
22031A0515,R201228,ENVIRONMENTAL SCIENCE,COMPLE,0
22031A0515,R201239,APPLIED CHEMISTRY LABORATORY,D,1.5
22031A0515,R201241,DATA STRUCTURES LABORATORY,B,1.5
22031A0515,R201250,PYTHON PROGRAMMING LABORATORY,A,1.5
22031A0516,R201201,MATHEMATICS-II,F,0
22031A0516,R201215,APPLIED CHEMISTRY,E,3
22031A0516,R201216,COMPUTER ORGANIZATION,D,3
22031A0516,R201218,DATA STRUCTURES,D,3
22031A0516,R201225,PYTHON PROGRAMMING,E,3
22031A0516,R201228,ENVIRONMENTAL SCIENCE,COMPLE,0
22031A0516,R201239,APPLIED CHEMISTRY LABORATORY,D,1.5
22031A0516,R201241,DATA STRUCTURES LABORATORY,A,1.5
22031A0516,R201250,PYTHON PROGRAMMING LABORATORY,A+,1.5
22031A0517,R201201,MATHEMATICS-II,A,3
22031A0517,R201215,APPLIED CHEMISTRY,A+,3
22031A0517,R201216,COMPUTER ORGANIZATION,B,3
22031A0517,R201218,DATA STRUCTURES,B,3
22031A0517,R201225,PYTHON PROGRAMMING,C,3
22031A0517,R201228,ENVIRONMENTAL SCIENCE,COMPLE,0
22031A0517,R201239,APPLIED CHEMISTRY LABORATORY,A+,1.5
22031A0517,R201241,DATA STRUCTURES LABORATORY,A+,1.5
22031A0517,R201250,PYTHON PROGRAMMING LABORATORY,A+,1.5
22031A0518,R201201,MATHEMATICS-II,B,3
22031A0518,R201215,APPLIED CHEMISTRY,D,3
22031A0518,R201216,COMPUTER ORGANIZATION,E,3
22031A0518,R201218,DATA STRUCTURES,D,3
22031A0518,R201225,PYTHON PROGRAMMING,C,3
22031A0518,R201228,ENVIRONMENTAL SCIENCE,COMPLE,0
22031A0518,R201239,APPLIED CHEMISTRY LABORATORY,C,1.5
22031A0518,R201241,DATA STRUCTURES LABORATORY,A+,1.5
22031A0518,R201250,PYTHON PROGRAMMING LABORATORY,A+,1.5
22031A0519,R201201,MATHEMATICS-II,E,3
22031A0519,R201215,APPLIED CHEMISTRY,E,3
22031A0519,R201216,COMPUTER ORGANIZATION,D,3
22031A0519,R201218,DATA STRUCTURES,D,3
22031A0519,R201225,PYTHON PROGRAMMING,D,3
22031A0519,R201228,ENVIRONMENTAL SCIENCE,COMPLE,0
22031A0519,R201239,APPLIED CHEMISTRY LABORATORY,B,1.5
22031A0519,R201241,DATA STRUCTURES LABORATORY,A,1.5
22031A0519,R201250,PYTHON PROGRAMMING LABORATORY,A+,1.5
22031A0521,R201201,MATHEMATICS-II,D,3
22031A0521,R201215,APPLIED CHEMISTRY,C,3
22031A0521,R201216,COMPUTER ORGANIZATION,B,3
22031A0521,R201218,DATA STRUCTURES,C,3
22031A0521,R201225,PYTHON PROGRAMMING,B,3
22031A0521,R201228,ENVIRONMENTAL SCIENCE,COMPLE,0
22031A0521,R201239,APPLIED CHEMISTRY LABORATORY,A+,1.5
22031A0521,R201241,DATA STRUCTURES LABORATORY,A,1.5
22031A0521,R201250,PYTHON PROGRAMMING LABORATORY,A+,1.5
22031A0522,R201201,MATHEMATICS-II,D,3
22031A0522,R201215,APPLIED CHEMISTRY,D,3
22031A0522,R201216,COMPUTER ORGANIZATION,D,3
22031A0522,R201218,DATA STRUCTURES,D,3
22031A0522,R201225,PYTHON PROGRAMMING,E,3
22031A0522,R201228,ENVIRONMENTAL SCIENCE,COMPLE,0
22031A0522,R201239,APPLIED CHEMISTRY LABORATORY,C,1.5
22031A0522,R201241,DATA STRUCTURES LABORATORY,A,1.5
22031A0522,R201250,PYTHON PROGRAMMING LABORATORY,A+,1.5
22031A0523,R201201,MATHEMATICS-II,C,3
22031A0523,R201215,APPLIED CHEMISTRY,D,3
22031A0523,R201216,COMPUTER ORGANIZATION,D,3
22031A0523,R201218,DATA STRUCTURES,D,3
22031A0523,R201225,PYTHON PROGRAMMING,D,3
22031A0523,R201228,ENVIRONMENTAL SCIENCE,COMPLE,0
22031A0523,R201239,APPLIED CHEMISTRY LABORATORY,A,1.5
22031A0523,R201241,DATA STRUCTURES LABORATORY,A,1.5
22031A0523,R201250,PYTHON PROGRAMMING LABORATORY,A,1.5
22031A0524,R201201,MATHEMATICS-II,B,3
22031A0524,R201215,APPLIED CHEMISTRY,A+,3
22031A0524,R201216,COMPUTER ORGANIZATION,B,3
22031A0524,R201218,DATA STRUCTURES,C,3
22031A0524,R201225,PYTHON PROGRAMMING,C,3
22031A0524,R201228,ENVIRONMENTAL SCIENCE,COMPLE,0
22031A0524,R201239,APPLIED CHEMISTRY LABORATORY,A+,1.5
22031A0524,R201241,DATA STRUCTURES LABORATORY,A,1.5
22031A0524,R201250,PYTHON PROGRAMMING LABORATORY,A+,1.5
22031A0525,R201201,MATHEMATICS-II,D,3
22031A0525,R201215,APPLIED CHEMISTRY,E,3
22031A0525,R201216,COMPUTER ORGANIZATION,D,3
22031A0525,R201218,DATA STRUCTURES,D,3
22031A0525,R201225,PYTHON PROGRAMMING,D,3
22031A0525,R201228,ENVIRONMENTAL SCIENCE,COMPLE,0
22031A0525,R201239,APPLIED CHEMISTRY LABORATORY,B,1.5
22031A0525,R201241,DATA STRUCTURES LABORATORY,A,1.5
22031A0525,R201250,PYTHON PROGRAMMING LABORATORY,A,1.5
22031A0526,R201201,MATHEMATICS-II,E,3
22031A0526,R201215,APPLIED CHEMISTRY,D,3
22031A0526,R201216,COMPUTER ORGANIZATION,F,0
22031A0526,R201218,DATA STRUCTURES,D,3
22031A0526,R201225,PYTHON PROGRAMMING,E,3
22031A0526,R201228,ENVIRONMENTAL SCIENCE,COMPLE,0
22031A0526,R201239,APPLIED CHEMISTRY LABORATORY,A,1.5
22031A0526,R201241,DATA STRUCTURES LABORATORY,B,1.5
22031A0526,R201250,PYTHON PROGRAMMING LABORATORY,A,1.5
22031A0527,R201201,MATHEMATICS-II,B,3
22031A0527,R201215,APPLIED CHEMISTRY,A,3
22031A0527,R201216,COMPUTER ORGANIZATION,A,3
22031A0527,R201218,DATA STRUCTURES,A,3
22031A0527,R201225,PYTHON PROGRAMMING,B,3
22031A0527,R201228,ENVIRONMENTAL SCIENCE,COMPLE,0
22031A0527,R201239,APPLIED CHEMISTRY LABORATORY,A+,1.5
22031A0527,R201241,DATA STRUCTURES LABORATORY,A+,1.5
22031A0527,R201250,PYTHON PROGRAMMING LABORATORY,A+,1.5
22031A0528,R201201,MATHEMATICS-II,A+,3
22031A0528,R201215,APPLIED CHEMISTRY,C,3
22031A0528,R201216,COMPUTER ORGANIZATION,C,3
22031A0528,R201218,DATA STRUCTURES,C,3
22031A0528,R201225,PYTHON PROGRAMMING,C,3
22031A0528,R201228,ENVIRONMENTAL SCIENCE,COMPLE,0
22031A0528,R201239,APPLIED CHEMISTRY LABORATORY,A+,1.5
22031A0528,R201241,DATA STRUCTURES LABORATORY,A,1.5
22031A0528,R201250,PYTHON PROGRAMMING LABORATORY,A+,1.5
22031A0529,R201201,MATHEMATICS-II,B,3
22031A0529,R201215,APPLIED CHEMISTRY,C,3
22031A0529,R201216,COMPUTER ORGANIZATION,D,3
22031A0529,R201218,DATA STRUCTURES,D,3
22031A0529,R201225,PYTHON PROGRAMMING,E,3
22031A0529,R201228,ENVIRONMENTAL SCIENCE,COMPLE,0
22031A0529,R201239,APPLIED CHEMISTRY LABORATORY,A+,1.5
22031A0529,R201241,DATA STRUCTURES LABORATORY,A+,1.5
22031A0529,R201250,PYTHON PROGRAMMING LABORATORY,A+,1.5
22031A0530,R201201,MATHEMATICS-II,B,3
22031A0530,R201215,APPLIED CHEMISTRY,A+,3
22031A0530,R201216,COMPUTER ORGANIZATION,D,3
22031A0530,R201218,DATA STRUCTURES,B,3
22031A0530,R201225,PYTHON PROGRAMMING,D,3
22031A0530,R201228,ENVIRONMENTAL SCIENCE,COMPLE,0
22031A0530,R201239,APPLIED CHEMISTRY LABORATORY,A+,1.5
22031A0530,R201241,DATA STRUCTURES LABORATORY,A,1.5
22031A0530,R201250,PYTHON PROGRAMMING LABORATORY,A,1.5
22031A0531,R201201,MATHEMATICS-II,A+,3
22031A0531,R201215,APPLIED CHEMISTRY,D,3
22031A0531,R201216,COMPUTER ORGANIZATION,D,3
22031A0531,R201218,DATA STRUCTURES,C,3
22031A0531,R201225,PYTHON PROGRAMMING,A,3
22031A0531,R201228,ENVIRONMENTAL SCIENCE,COMPLE,0
22031A0531,R201239,APPLIED CHEMISTRY LABORATORY,B,1.5
22031A0531,R201241,DATA STRUCTURES LABORATORY,A,1.5
22031A0531,R201250,PYTHON PROGRAMMING LABORATORY,A+,1.5
22031A0532,R201201,MATHEMATICS-II,C,3
22031A0532,R201215,APPLIED CHEMISTRY,D,3
22031A0532,R201216,COMPUTER ORGANIZATION,E,3
22031A0532,R201218,DATA STRUCTURES,D,3
22031A0532,R201225,PYTHON PROGRAMMING,D,3
22031A0532,R201228,ENVIRONMENTAL SCIENCE,COMPLE,0
22031A0532,R201239,APPLIED CHEMISTRY LABORATORY,A,1.5
22031A0532,R201241,DATA STRUCTURES LABORATORY,A,1.5
22031A0532,R201250,PYTHON PROGRAMMING LABORATORY,A+,1.5
22031A0533,R201201,MATHEMATICS-II,C,3
22031A0533,R201215,APPLIED CHEMISTRY,D,3
22031A0533,R201216,COMPUTER ORGANIZATION,D,3
22031A0533,R201218,DATA STRUCTURES,D,3
22031A0533,R201225,PYTHON PROGRAMMING,E,3
22031A0533,R201228,ENVIRONMENTAL SCIENCE,COMPLE,0
22031A0533,R201239,APPLIED CHEMISTRY LABORATORY,A,1.5
22031A0533,R201241,DATA STRUCTURES LABORATORY,A,1.5
22031A0533,R201250,PYTHON PROGRAMMING LABORATORY,A+,1.5
22031A0534,R201201,MATHEMATICS-II,B,3
22031A0534,R201215,APPLIED CHEMISTRY,A+,3
22031A0534,R201216,COMPUTER ORGANIZATION,C,3
22031A0534,R201218,DATA STRUCTURES,B,3
22031A0534,R201225,PYTHON PROGRAMMING,D,3
22031A0534,R201228,ENVIRONMENTAL SCIENCE,COMPLE,0
22031A0534,R201239,APPLIED CHEMISTRY LABORATORY,A+,1.5
22031A0534,R201241,DATA STRUCTURES LABORATORY,A,1.5
22031A0534,R201250,PYTHON PROGRAMMING LABORATORY,A+,1.5
22031A0535,R201201,MATHEMATICS-II,A+,3
22031A0535,R201215,APPLIED CHEMISTRY,B,3
22031A0535,R201216,COMPUTER ORGANIZATION,A,3
22031A0535,R201218,DATA STRUCTURES,C,3
22031A0535,R201225,PYTHON PROGRAMMING,A+,3
22031A0535,R201228,ENVIRONMENTAL SCIENCE,COMPLE,0
22031A0535,R201239,APPLIED CHEMISTRY LABORATORY,A+,1.5
22031A0535,R201241,DATA STRUCTURES LABORATORY,A+,1.5
22031A0535,R201250,PYTHON PROGRAMMING LABORATORY,A+,1.5
22031A0536,R201201,MATHEMATICS-II,A+,3
22031A0536,R201215,APPLIED CHEMISTRY,A+,3
22031A0536,R201216,COMPUTER ORGANIZATION,A+,3
22031A0536,R201218,DATA STRUCTURES,B,3
22031A0536,R201225,PYTHON PROGRAMMING,C,3
22031A0536,R201228,ENVIRONMENTAL SCIENCE,COMPLE,0
22031A0536,R201239,APPLIED CHEMISTRY LABORATORY,A+,1.5
22031A0536,R201241,DATA STRUCTURES LABORATORY,A+,1.5
22031A0536,R201250,PYTHON PROGRAMMING LABORATORY,A+,1.5
22031A0537,R201201,MATHEMATICS-II,C,3
22031A0537,R201215,APPLIED CHEMISTRY,D,3
22031A0537,R201216,COMPUTER ORGANIZATION,B,3
22031A0537,R201218,DATA STRUCTURES,C,3
22031A0537,R201225,PYTHON PROGRAMMING,C,3
22031A0537,R201228,ENVIRONMENTAL SCIENCE,COMPLE,0
22031A0537,R201239,APPLIED CHEMISTRY LABORATORY,A+,1.5
22031A0537,R201241,DATA STRUCTURES LABORATORY,A,1.5
22031A0537,R201250,PYTHON PROGRAMMING LABORATORY,A+,1.5
22031A0538,R201201,MATHEMATICS-II,C,3
22031A0538,R201215,APPLIED CHEMISTRY,D,3
22031A0538,R201216,COMPUTER ORGANIZATION,E,3
22031A0538,R201218,DATA STRUCTURES,D,3
22031A0538,R201225,PYTHON PROGRAMMING,E,3
22031A0538,R201228,ENVIRONMENTAL SCIENCE,COMPLE,0
22031A0538,R201239,APPLIED CHEMISTRY LABORATORY,C,1.5
22031A0538,R201241,DATA STRUCTURES LABORATORY,A,1.5
22031A0538,R201250,PYTHON PROGRAMMING LABORATORY,A,1.5
22031A0539,R201201,MATHEMATICS-II,A+,3
22031A0539,R201215,APPLIED CHEMISTRY,B,3
22031A0539,R201216,COMPUTER ORGANIZATION,C,3
22031A0539,R201218,DATA STRUCTURES,C,3
22031A0539,R201225,PYTHON PROGRAMMING,A+,3
22031A0539,R201228,ENVIRONMENTAL SCIENCE,COMPLE,0
22031A0539,R201239,APPLIED CHEMISTRY LABORATORY,A+,1.5
22031A0539,R201241,DATA STRUCTURES LABORATORY,A+,1.5
22031A0539,R201250,PYTHON PROGRAMMING LABORATORY,A+,1.5
22031A0541,R201201,MATHEMATICS-II,B,3
22031A0541,R201215,APPLIED CHEMISTRY,D,3
22031A0541,R201216,COMPUTER ORGANIZATION,B,3
22031A0541,R201218,DATA STRUCTURES,D,3
22031A0541,R201225,PYTHON PROGRAMMING,C,3
22031A0541,R201228,ENVIRONMENTAL SCIENCE,COMPLE,0
22031A0541,R201239,APPLIED CHEMISTRY LABORATORY,A,1.5
22031A0541,R201241,DATA STRUCTURES LABORATORY,A,1.5
22031A0541,R201250,PYTHON PROGRAMMING LABORATORY,A,1.5
22031A0542,R201201,MATHEMATICS-II,F,0
22031A0542,R201215,APPLIED CHEMISTRY,E,3
22031A0542,R201216,COMPUTER ORGANIZATION,E,3
22031A0542,R201218,DATA STRUCTURES,D,3
22031A0542,R201225,PYTHON PROGRAMMING,F,0
22031A0542,R201228,ENVIRONMENTAL SCIENCE,COMPLE,0
22031A0542,R201239,APPLIED CHEMISTRY LABORATORY,C,1.5
22031A0542,R201241,DATA STRUCTURES LABORATORY,A+,1.5
22031A0542,R201250,PYTHON PROGRAMMING LABORATORY,A,1.5
22031A0543,R201201,MATHEMATICS-II,A+,3
22031A0543,R201215,APPLIED CHEMISTRY,C,3
22031A0543,R201216,COMPUTER ORGANIZATION,E,3
22031A0543,R201218,DATA STRUCTURES,C,3
22031A0543,R201225,PYTHON PROGRAMMING,C,3
22031A0543,R201228,ENVIRONMENTAL SCIENCE,COMPLE,0
22031A0543,R201239,APPLIED CHEMISTRY LABORATORY,A+,1.5
22031A0543,R201241,DATA STRUCTURES LABORATORY,A+,1.5
22031A0543,R201250,PYTHON PROGRAMMING LABORATORY,A+,1.5
22031A0544,R201201,MATHEMATICS-II,A,3
22031A0544,R201215,APPLIED CHEMISTRY,A,3
22031A0544,R201216,COMPUTER ORGANIZATION,C,3
22031A0544,R201218,DATA STRUCTURES,C,3
22031A0544,R201225,PYTHON PROGRAMMING,A,3
22031A0544,R201228,ENVIRONMENTAL SCIENCE,COMPLE,0
22031A0544,R201239,APPLIED CHEMISTRY LABORATORY,A+,1.5
22031A0544,R201241,DATA STRUCTURES LABORATORY,A,1.5
22031A0544,R201250,PYTHON PROGRAMMING LABORATORY,A+,1.5
22031A0545,R201201,MATHEMATICS-II,D,3
22031A0545,R201215,APPLIED CHEMISTRY,D,3
22031A0545,R201216,COMPUTER ORGANIZATION,C,3
22031A0545,R201218,DATA STRUCTURES,D,3
22031A0545,R201225,PYTHON PROGRAMMING,D,3
22031A0545,R201228,ENVIRONMENTAL SCIENCE,COMPLE,0
22031A0545,R201239,APPLIED CHEMISTRY LABORATORY,B,1.5
22031A0545,R201241,DATA STRUCTURES LABORATORY,A,1.5
22031A0545,R201250,PYTHON PROGRAMMING LABORATORY,A+,1.5
22031A0546,R201201,MATHEMATICS-II,C,3
22031A0546,R201215,APPLIED CHEMISTRY,D,3
22031A0546,R201216,COMPUTER ORGANIZATION,C,3
22031A0546,R201218,DATA STRUCTURES,D,3
22031A0546,R201225,PYTHON PROGRAMMING,B,3
22031A0546,R201228,ENVIRONMENTAL SCIENCE,COMPLE,0
22031A0546,R201239,APPLIED CHEMISTRY LABORATORY,A+,1.5
22031A0546,R201241,DATA STRUCTURES LABORATORY,A+,1.5
22031A0546,R201250,PYTHON PROGRAMMING LABORATORY,A+,1.5
22031A0547,R201201,MATHEMATICS-II,B,3
22031A0547,R201215,APPLIED CHEMISTRY,A+,3
22031A0547,R201216,COMPUTER ORGANIZATION,B,3
22031A0547,R201218,DATA STRUCTURES,B,3
22031A0547,R201225,PYTHON PROGRAMMING,C,3
22031A0547,R201228,ENVIRONMENTAL SCIENCE,COMPLE,0
22031A0547,R201239,APPLIED CHEMISTRY LABORATORY,A+,1.5
22031A0547,R201241,DATA STRUCTURES LABORATORY,A,1.5
22031A0547,R201250,PYTHON PROGRAMMING LABORATORY,A+,1.5
22031A0548,R201201,MATHEMATICS-II,A+,3
22031A0548,R201215,APPLIED CHEMISTRY,B,3
22031A0548,R201216,COMPUTER ORGANIZATION,B,3
22031A0548,R201218,DATA STRUCTURES,A,3
22031A0548,R201225,PYTHON PROGRAMMING,A+,3
22031A0548,R201228,ENVIRONMENTAL SCIENCE,COMPLE,0
22031A0548,R201239,APPLIED CHEMISTRY LABORATORY,A,1.5
22031A0548,R201241,DATA STRUCTURES LABORATORY,A,1.5
22031A0548,R201250,PYTHON PROGRAMMING LABORATORY,A+,1.5
22031A0549,R201201,MATHEMATICS-II,B,3
22031A0549,R201215,APPLIED CHEMISTRY,C,3
22031A0549,R201216,COMPUTER ORGANIZATION,E,3
22031A0549,R201218,DATA STRUCTURES,D,3
22031A0549,R201225,PYTHON PROGRAMMING,D,3
22031A0549,R201228,ENVIRONMENTAL SCIENCE,COMPLE,0
22031A0549,R201239,APPLIED CHEMISTRY LABORATORY,B,1.5
22031A0549,R201241,DATA STRUCTURES LABORATORY,A,1.5
22031A0549,R201250,PYTHON PROGRAMMING LABORATORY,A+,1.5
22031A0550,R201201,MATHEMATICS-II,D,3
22031A0550,R201215,APPLIED CHEMISTRY,D,3
22031A0550,R201216,COMPUTER ORGANIZATION,C,3
22031A0550,R201218,DATA STRUCTURES,C,3
22031A0550,R201225,PYTHON PROGRAMMING,B,3
22031A0550,R201228,ENVIRONMENTAL SCIENCE,COMPLE,0
22031A0550,R201239,APPLIED CHEMISTRY LABORATORY,A+,1.5
22031A0550,R201241,DATA STRUCTURES LABORATORY,A,1.5
22031A0550,R201250,PYTHON PROGRAMMING LABORATORY,A+,1.5
22031A0551,R201201,MATHEMATICS-II,A+,3
22031A0551,R201215,APPLIED CHEMISTRY,D,3
22031A0551,R201216,COMPUTER ORGANIZATION,C,3
22031A0551,R201218,DATA STRUCTURES,C,3
22031A0551,R201225,PYTHON PROGRAMMING,D,3
22031A0551,R201228,ENVIRONMENTAL SCIENCE,COMPLE,0
22031A0551,R201239,APPLIED CHEMISTRY LABORATORY,A,1.5
22031A0551,R201241,DATA STRUCTURES LABORATORY,A,1.5
22031A0551,R201250,PYTHON PROGRAMMING LABORATORY,A+,1.5
22031A0552,R201201,MATHEMATICS-II,A+,3
22031A0552,R201215,APPLIED CHEMISTRY,A,3
22031A0552,R201216,COMPUTER ORGANIZATION,A,3
22031A0552,R201218,DATA STRUCTURES,D,3
22031A0552,R201225,PYTHON PROGRAMMING,B,3
22031A0552,R201228,ENVIRONMENTAL SCIENCE,COMPLE,0
22031A0552,R201239,APPLIED CHEMISTRY LABORATORY,A,1.5
22031A0552,R201241,DATA STRUCTURES LABORATORY,A+,1.5
22031A0552,R201250,PYTHON PROGRAMMING LABORATORY,A+,1.5
22031A0553,R201201,MATHEMATICS-II,D,3
22031A0553,R201215,APPLIED CHEMISTRY,E,3
22031A0553,R201216,COMPUTER ORGANIZATION,D,3
22031A0553,R201218,DATA STRUCTURES,D,3
22031A0553,R201225,PYTHON PROGRAMMING,D,3
22031A0553,R201228,ENVIRONMENTAL SCIENCE,COMPLE,0
22031A0553,R201239,APPLIED CHEMISTRY LABORATORY,C,1.5
22031A0553,R201241,DATA STRUCTURES LABORATORY,A,1.5
22031A0553,R201250,PYTHON PROGRAMMING LABORATORY,A+,1.5
22031A0554,R201201,MATHEMATICS-II,D,3
22031A0554,R201215,APPLIED CHEMISTRY,C,3
22031A0554,R201216,COMPUTER ORGANIZATION,C,3
22031A0554,R201218,DATA STRUCTURES,C,3
22031A0554,R201225,PYTHON PROGRAMMING,B,3
22031A0554,R201228,ENVIRONMENTAL SCIENCE,COMPLE,0
22031A0554,R201239,APPLIED CHEMISTRY LABORATORY,A+,1.5
22031A0554,R201241,DATA STRUCTURES LABORATORY,A,1.5
22031A0554,R201250,PYTHON PROGRAMMING LABORATORY,A+,1.5
22031A0555,R201201,MATHEMATICS-II,D,3
22031A0555,R201215,APPLIED CHEMISTRY,E,3
22031A0555,R201216,COMPUTER ORGANIZATION,D,3
22031A0555,R201218,DATA STRUCTURES,D,3
22031A0555,R201225,PYTHON PROGRAMMING,D,3
22031A0555,R201228,ENVIRONMENTAL SCIENCE,COMPLE,0
22031A0555,R201239,APPLIED CHEMISTRY LABORATORY,B,1.5
22031A0555,R201241,DATA STRUCTURES LABORATORY,A,1.5
22031A0555,R201250,PYTHON PROGRAMMING LABORATORY,A+,1.5
22031A0556,R201201,MATHEMATICS-II,C,3
22031A0556,R201215,APPLIED CHEMISTRY,E,3
22031A0556,R201216,COMPUTER ORGANIZATION,D,3
22031A0556,R201218,DATA STRUCTURES,D,3
22031A0556,R201225,PYTHON PROGRAMMING,E,3
22031A0556,R201228,ENVIRONMENTAL SCIENCE,COMPLE,0
22031A0556,R201239,APPLIED CHEMISTRY LABORATORY,C,1.5
22031A0556,R201241,DATA STRUCTURES LABORATORY,A,1.5
22031A0556,R201250,PYTHON PROGRAMMING LABORATORY,A,1.5
22031A0557,R201201,MATHEMATICS-II,D,3
22031A0557,R201215,APPLIED CHEMISTRY,E,3
22031A0557,R201216,COMPUTER ORGANIZATION,D,3
22031A0557,R201218,DATA STRUCTURES,C,3
22031A0557,R201225,PYTHON PROGRAMMING,C,3
22031A0557,R201228,ENVIRONMENTAL SCIENCE,COMPLE,0
22031A0557,R201239,APPLIED CHEMISTRY LABORATORY,A,1.5
22031A0557,R201241,DATA STRUCTURES LABORATORY,A,1.5
22031A0557,R201250,PYTHON PROGRAMMING LABORATORY,A+,1.5
22031A0558,R201201,MATHEMATICS-II,E,3
22031A0558,R201215,APPLIED CHEMISTRY,E,3
22031A0558,R201216,COMPUTER ORGANIZATION,D,3
22031A0558,R201218,DATA STRUCTURES,C,3
22031A0558,R201225,PYTHON PROGRAMMING,E,3
22031A0558,R201228,ENVIRONMENTAL SCIENCE,COMPLE,0
22031A0558,R201239,APPLIED CHEMISTRY LABORATORY,C,1.5
22031A0558,R201241,DATA STRUCTURES LABORATORY,A+,1.5
22031A0558,R201250,PYTHON PROGRAMMING LABORATORY,A+,1.5
22031A0459,R201201,MATHEMATICS-II,D,3
22031A0459,R201207,APPLIED PHYSICS,F,0
22031A0459,R201212,OBJECT ORIENTED PROGRAMMING THROUGH JAVA,D,3
22031A0459,R201213,NETWORK ANALYSIS,F,0
22031A0459,R201214,BASIC ELECTRICAL ENGINEERING,E,3
22031A0459,R201230,ENVIRONMENTAL SCIENCE,D,1
22031A0459,R201233,APPLIED PHYSICS LABORATORY,B,1.5
22031A0459,R201237,ELECTRONIC WORKSHOP LABORATORY,A,1.5
22031A0459,R201238,BASIC ELECTRICAL ENGINEERING LABORATORY,A,1.5
22031A0540,R201216,COMPUTER ORGANIZATION,F,0
